-0.064477466	-0.109850734	0.018822128	0.09090906	-0.021168934	0.023598278	0.00866143	0.12512082	-0.052415974	0.062786646	-0.069617145	0.09326953	-0.015409638	0.041975796	0.08540338	-0.007006489
-0.113320865	-0.016666869	0.09222246	0.0014595102	0.024427507	-0.022860201	0.021771794	0.020557005	0.039897572	-0.037300136	-0.066859774	0.051501468	0.04061997	-0.015438611	0.02749086	0.032703076
-0.027438879	0.047906715	-0.11327231	-0.06580044	0.13756809	-0.04685554	-0.15141313	-0.10072225	0.074335456	0.07673463	0.016845444	-0.12898238	0.16508695	0.08014923	0.06732308	-0.07348452
0.11570805	0.111689724	0.038964264	0.005634765	-0.005446228	0.018196773	0.0018792639	0.036259025	-0.00034460577	-0.03297535	-0.06811319	0.064304546	-0.15106583	0.052073505	-0.10346852	-0.00083828636
-0.0057915803	0.085114695	-0.06407531	-0.037275307	0.0017720428	0.064291194	0.061765324	-0.07191265	-0.01826332	0.037965592	0.08344116	-0.058794823	0.11343617	0.053892635	0.018663572	-0.02241692
0.081429124	0.026605777	-0.1591055	0.03754468	0.100013964	0.14646418	-0.08421573	-0.26967162	0.03045011	-0.014682059	-0.030972576	0.03549183	-0.08251397	0.10865613	-0.25862253	-0.0817984
-0.04954293	-0.022832658	0.03294165	-0.08797878	0.05730123	-0.11929952	-0.10794744	-0.08042293	0.08530963	0.0710914	-0.057382353	-0.1310513	0.06599037	0.034794956	-0.012396186	-0.024751551
-0.15065083	-0.060325038	0.111077756	0.06958391	-0.012301936	-0.031745043	0.06324245	0.069168106	-0.08166045	0.02223312	-0.12416879	0.06399731	-0.016317088	-0.01612597	0.10901814	0.061868466
-0.00092211255	-0.12757513	-0.029393077	0.07893929	-0.018350244	-0.0039553256	0.015791195	-0.007905948	-0.05216286	-0.02804556	-0.11259298	-0.033095144	-0.06468633	-0.03774363	0.03934299	-0.018583031
0.06972385	-0.08711088	-0.059324164	0.08834592	-0.07989688	0.07370657	0.028547507	-0.11934342	0.04162467	0.042246643	-0.023255607	-0.016669435	-0.010152447	0.0057055415	0.033545244	-0.034439377
0.12634876	0.18333028	0.05362943	-0.007635274	-0.043383043	0.041540653	0.039887864	0.06029741	-0.009107459	-0.09603456	0.056832425	0.008593339	-0.07333926	-0.09855866	-0.103269875	-0.016852848
0.04071978	0.068967074	0.033023104	-0.082978494	0.07349906	0.057073392	-0.09675506	-0.1953519	0.05506625	-0.041318562	-0.10870581	-0.04900882	-0.043311447	0.0009462754	-0.019996788	-0.055579048
0.06834232	0.021867773	-0.061588734	-0.09361985	0.0037093607	0.026241768	0.10326872	-0.022607906	-0.059420507	-0.009516732	0.077985615	-0.040056728	0.058652375	0.06678499	0.09704591	-0.043075554
0.10303378	0.15325883	0.13304947	0.3642963	-0.319732	0.35164136	0.3084667	-0.18188672	-0.36573428	-0.3174814	0.2180254	0.3860471	-0.14339262	-0.3628325	-0.17119339	0.29581627
-0.057153698	-0.059399392	-0.00574534	-0.0909989	-0.013327195	-0.00012699554	-0.09236854	-0.0150869265	0.023709048	-0.012607291	-0.06292212	-0.03022941	0.030756796	-0.007951339	-0.08993715	-0.043511573
0.16256797	0.08700684	-0.04009389	0.050958663	-0.01603867	0.09706959	0.027572693	0.05097108	-0.035097767	-0.06456313	0.030427726	0.003019576	-0.1237983	-0.02661128	-0.119650304	0.04550851
-0.029874207	0.062368006	0.030703714	-0.11092105	0.076011516	-0.109932385	-0.066020995	-0.07154534	0.16307457	0.069081485	-0.033773188	-0.11209333	0.14331184	0.030128937	-0.008337839	-0.09002499
0.04288407	-0.13150506	0.030092698	-0.19175883	0.0898285	-0.054049272	-0.08730315	-0.049875457	0.07948724	0.040839035	0.07090665	-0.17611761	-0.0456765	0.062642746	0.08830952	-0.11199958
0.089551024	-0.11429578	0.17660716	-0.36949643	0.46885034	-0.3753641	-0.44153363	0.27676237	0.44425124	0.45887244	-0.3809789	-0.4052516	-0.22835326	0.38835526	-0.19290411	-0.38899946
0.11407127	-0.009891526	0.0015021109	-0.3056892	0.33116147	-0.23228878	-0.35880804	0.011516219	0.36245334	0.30938247	-0.18135273	-0.33279008	-0.11141775	0.26242206	-0.2228512	-0.2880507
0.010006602	-0.090463154	-0.002950288	-0.02053953	0.11138013	-0.029139338	-0.01163981	-0.006924844	-0.08280758	0.032259807	-0.054053538	0.030302271	-0.07240748	-0.045984752	-0.03229105	-0.06154456
0.079493575	-0.13000037	0.120473854	0.048425175	-0.059520032	0.14442982	0.02932104	0.006606563	-0.08227645	-0.087302335	-0.01322239	0.019707149	-0.11776657	-0.049312863	0.06803127	0.027761372
-0.034467116	0.11651838	-0.0055999164	0.013763667	-0.0393212	-0.1158835	-0.071551554	0.01473249	0.09275807	0.07955913	-0.014101926	0.010595763	0.054423057	-0.029485378	-0.03167293	-0.038462114
0.08218882	0.151661	-0.075336166	0.0025430245	0.11678468	-0.0789785	-0.113513365	-0.07501135	0.14861836	0.024725834	-0.054168385	-0.08392169	-0.11371612	0.040120155	-0.2860663	-0.08120043
-0.090902545	-0.01957087	-0.11350518	0.00067115854	-0.048934314	-0.11391108	0.008931094	0.08913077	0.04756046	0.09569022	-0.032422137	-0.02287135	0.053717364	0.06457096	0.030141678	-0.12502135
-0.10073138	-0.108650334	0.1370566	-0.045531582	0.042256616	-0.05025003	-0.09796305	0.15966581	0.050237507	0.016895643	-0.032430746	0.0015825436	-0.0974111	0.029089404	0.09278655	0.043562893
0.07917139	-0.08132149	-0.091261424	-0.11736639	0.021648308	0.051017903	-0.037347756	-0.044026397	0.115267165	0.04070227	0.14438981	-0.15696383	0.06901061	0.07821576	-0.026912035	-0.15378536
-0.04690635	-0.08029322	0.0352809	-0.0920616	0.12567873	-0.11712494	-0.013128559	-0.0406996	0.19643873	0.12769412	-0.057172704	-0.058469247	0.121856056	0.19563358	0.067810245	-0.029275296
-0.14340533	-0.060466703	-0.041106068	-0.034768168	0.0353107	-0.14255428	-0.061990507	0.05344274	0.13559966	0.12974125	-0.11965255	-0.063132286	0.0003895825	0.06549837	-0.017077437	0.03204896
0.10297796	0.0198854	0.13770929	0.02336623	0.06853126	0.018529803	-0.046162456	0.046917442	-0.020169586	-0.06767265	-0.008858618	0.029470844	-0.19359533	-0.009567818	-0.14149742	0.038655706
-0.10113333	-0.110338755	0.064606056	-0.004708893	-0.0367963	0.036319155	-0.075946055	-0.11907869	-0.09608513	-0.043117575	-0.16528478	0.023416279	-0.12530959	0.005418894	-0.018871324	0.007833184
-0.0740046	0.016466595	0.044409104	0.053906735	-0.11999929	0.02394251	0.06302341	0.07089914	-0.11610015	-0.02041177	-0.01923721	0.051207732	-0.04088363	-0.053782616	0.109529994	0.09932145
-0.18748124	-0.14180276	0.13826582	-0.029098935	0.14005445	-0.17330106	-0.17732382	0.2515896	0.099325664	0.103450336	-0.21895696	0.009591388	-0.10552335	-0.041564748	0.0991184	-0.027659912
-0.020686422	-0.20336397	0.18312581	-0.14094765	0.089794315	-0.07744936	-0.0039082393	0.11223119	0.11852333	0.053709265	-0.032857344	-0.1419266	0.059534762	0.14561965	0.12502755	-0.15167072
-0.07278516	-0.044729922	0.052409515	-0.06627739	0.05658331	-0.089622796	0.0034454474	0.101510406	0.07884466	0.11603343	0.03478331	-0.050072763	0.15949163	0.078227654	0.035238992	-0.11258673
-0.106689505	-0.038501516	0.121766135	0.00072269776	-0.021518035	-0.03264213	-0.019836664	-0.038945034	-0.08042545	-0.07132299	0.023318684	0.018536184	0.039853245	-0.06778653	0.21192846	0.056611177
0.07702333	-0.07401494	-0.16903016	-0.07511386	0.04936464	-0.061447438	-0.038340613	-0.052046493	0.028960757	0.09613348	0.030396957	-0.1325493	0.08476626	0.06742758	0.058875587	-0.11637287
0.06165248	0.048980437	0.019122643	-0.05165794	-0.010854802	0.022900784	0.042331353	-0.0033485454	-0.03110317	-0.030799417	-0.016148832	0.00045277947	-0.031320065	0.007317972	0.0764183	0.06960417
0.084434964	0.11604181	0.15094557	0.081025414	0.08888414	0.0102628665	-0.02786092	-0.05512538	-0.07095981	-0.07036096	-0.08563272	0.03740871	-0.08948911	0.0116057545	-0.05108848	0.074793585
-0.10269033	-0.0065040165	0.058117643	0.118130095	-0.12569265	0.09244119	0.08114468	0.07428511	-0.13210249	-0.19515172	0.07873397	0.097662814	0.06589215	-0.15626997	0.0790714	0.14126696
0.031489674	0.13107756	0.036049314	0.07520743	-0.025637398	0.015640672	0.00967816	-0.011594304	0.016739834	-0.0046152542	0.038111463	0.04044121	0.0043334262	0.0008588844	-0.053915225	0.018125812
-0.09907936	-0.10625176	0.13045126	-0.22079149	0.2766704	-0.23436907	-0.17550313	0.24088627	0.20532922	0.24955969	-0.11414753	-0.18198887	-0.029437482	0.16409293	0.18241341	-0.19327018
-0.011632335	0.065229565	0.053099804	-0.0527539	0.031868637	-0.018687483	-0.1603085	0.1417693	0.04343265	-0.007883573	-0.11697699	-0.04221139	-0.08607732	0.05079763	-0.07476088	-0.020800604
-0.060517825	-0.10205761	0.1424525	-0.037571423	0.073851824	-0.06344057	-0.088658	0.026145957	0.1205685	0.06429489	-0.10794404	-0.08720208	-0.013520478	-0.03097215	-0.01985379	-0.017188774
-0.059995748	-0.05606527	0.07429335	-0.042713694	-0.043057766	0.021560298	-0.044122145	-0.053113386	0.061568275	-0.06725192	-0.09741269	0.0097936	-0.017256236	-0.085420564	-0.10075537	0.032383155
-0.030687781	-0.011851999	-0.12278173	0.014851186	-0.038786564	0.123187385	0.10234463	-0.091515064	-0.121687636	-0.13704596	0.09797169	0.037462518	-0.009564645	-0.07193365	0.002436839	0.06998741
0.060273744	0.0058463933	-0.07567257	-0.116269946	-0.005541182	-0.0034568582	-0.094791844	0.064613044	0.071345106	0.07896715	0.06504998	-0.11615624	-0.08514908	0.086555965	-0.18809892	-0.07779348
0.02671592	-0.124928094	0.117088504	-0.35109898	0.34428743	-0.28454322	-0.2952686	0.114715844	0.3464371	0.2862969	-0.2861577	-0.3774962	-0.10028214	0.27930287	0.019799653	-0.38311043
0.037091322	-0.02584004	0.031262763	0.024002526	-0.14234924	0.120594986	0.10878582	-0.05616176	-0.06782098	-0.055791337	0.11691215	0.055205278	-0.013457655	-0.10049046	0.06489576	0.023132803
-0.15940012	-0.10534614	0.0020896108	-0.085204095	0.09870574	-0.1271199	-0.13930076	0.04946142	0.029569656	0.037581634	-0.091948085	-0.036305502	0.037117437	0.03505362	0.16188487	-0.11467741
-0.12844975	-0.05603406	-0.097374305	0.22481422	-0.25313178	0.124433614	0.23930496	-0.20707656	-0.17872813	-0.22821084	0.08757665	0.21762693	0.18781985	-0.216512	0.1004659	0.22064348
-0.19202325	0.10707438	0.12596834	0.008205995	0.049060516	-0.05195573	-0.05458463	0.21615595	0.039088592	-0.046089146	-0.10672899	-0.017330645	-0.010993075	-0.014027506	0.07787992	0.10316094
-0.035483193	0.09703529	0.047610905	0.07270453	0.055142254	-0.042667605	0.011926716	0.1570749	-0.05976441	0.035967153	-0.1301529	0.054998774	-0.061459877	-0.11185339	-0.07683844	-0.062217258
0.10299569	0.00704302	-0.21289518	-0.06444222	-0.029214509	0.107927166	0.058389176	0.057616014	0.056932934	0.02120592	0.10890453	-0.059479225	0.040930726	0.052899655	-0.07593404	-0.026341643
0.15461175	-0.101870485	0.08762961	-0.4048761	0.31496295	-0.2508473	-0.35013378	0.20226178	0.30922422	0.27364653	-0.12866631	-0.30125904	-0.12060634	0.3354421	-0.022036532	-0.34587848
-0.08780513	-0.08149677	0.19315536	-0.022871729	0.053362567	-0.062243357	-0.080245905	0.06634713	-0.053168803	0.013279503	-0.08316106	0.0071706153	0.001379394	0.037341684	0.0709675	0.03175105
0.09054602	0.0632628	-0.0146297235	0.06358988	-0.009243541	0.06328883	0.032564264	-0.12414337	-0.117726386	-0.055509795	-0.06832236	0.11276085	-0.14472732	-0.024272518	-0.15186086	0.09314492
-0.03260158	-0.18245308	-0.061762795	-0.13018757	0.08732827	-0.13551669	-0.14434992	-0.010265784	0.09121805	0.062042013	-0.08643806	-0.11399149	0.027552156	0.05613603	0.09739078	-0.2173317
0.07599106	-0.038638726	0.19952904	-0.10436151	0.19535448	-0.041736607	-0.1963929	0.12295346	0.07824449	0.08127925	-0.07668077	-0.08257669	-0.18739536	0.03488441	-0.09886426	-0.09067414
-0.11125342	-0.15177226	0.24115828	0.042848982	-0.07011848	-0.008927889	0.077198155	0.10354261	-0.081008576	0.004706567	-0.108550474	0.058101848	-0.054774776	0.0613595	0.1740099	0.069207214
-0.021566283	0.022885619	-0.105074376	0.049079042	-0.033872906	0.10393577	0.09909091	-0.12440659	-0.06630209	-0.037375305	0.09104205	-0.038376335	0.050494306	0.027685361	0.103090614	-0.0081965765
-0.06639055	-0.0993274	-0.035899095	-0.05381884	0.053631175	-0.12514979	-0.11418113	0.10711799	2.0065927e-06	0.08077797	0.008372588	-0.006935602	-0.05988355	0.056058194	-0.1350711	0.014704173
-0.08502422	-0.10196563	0.055860832	-0.0059800404	-0.12313024	0.07002859	-0.036483508	0.08726685	0.024867415	-0.08714236	-0.02141018	0.012124133	-0.17041518	-0.024360383	0.03484818	0.119187646
-0.086695686	-0.029347986	-0.009402712	0.07960059	-0.08413025	0.12332664	0.049067367	0.10600622	-0.12717271	-0.0880653	0.059656277	0.06440459	0.03910459	-0.10620445	0.12937395	0.09412856
0.015603172	-0.11563859	0.035347264	0.0127429385	0.0029707858	0.04575461	-0.0011323004	0.022965865	-0.07547791	-0.05440367	-0.11797908	0.06777214	-0.11737367	-0.055849817	-0.0152320145	0.049663927
-0.096935645	-0.08327048	0.24809463	-0.021014396	0.045770753	-0.077142105	-0.064923026	-0.049016207	0.02396255	0.0070049195	-0.06292623	0.004337212	-0.03104804	-0.040252216	0.09514998	-0.0018684467
-0.092739545	-0.018506458	-0.077775575	0.16749127	-0.14279494	0.19909681	0.14483526	0.049810097	-0.126751	-0.1180727	-0.04371565	0.11010813	-0.15663208	-0.18767317	0.03764607	0.14484785
0.036177404	0.07757307	0.084761	0.23453835	-0.16444622	0.1358443	0.1667096	0.0003462898	-0.24764954	-0.19622318	0.14351179	0.21505767	-0.0025757034	-0.23032059	0.061659586	0.2354581
0.10710276	0.21068493	-0.01776275	0.17559893	-0.19063124	0.13392833	0.11752602	0.026782861	-0.06130615	-0.1327283	0.123335406	0.1027918	-0.14015251	-0.16995956	-0.18993203	0.1675455
-0.029160995	-0.004327949	-0.15433294	-0.19847862	0.05540783	-0.0940763	-0.13481452	-0.064039186	0.17722729	0.14815284	-0.14795984	-0.27615252	0.057368927	0.23958799	0.0911236	-0.14593223
0.029012844	-0.08347762	0.037002645	-0.036738805	0.016964141	-0.04205091	-0.031409375	0.039326698	0.09817543	0.04957732	-0.050831176	-0.08693569	0.06325919	0.14086334	0.09917192	-0.08978519
0.015022995	-0.023456885	-0.001490418	0.0097614825	-0.0418622	0.04963382	0.078055896	0.029124055	-0.049942113	0.024585526	0.014665752	0.027568074	0.0402996	-0.017926358	0.08779358	0.028364731
0.24691014	-0.041375387	0.08927657	-0.3713922	0.28973305	-0.21750395	-0.3170181	0.09348865	0.3294477	0.3243033	-0.1496234	-0.36678532	-0.13756542	0.31706342	-0.07734998	-0.37035352
0.13169904	0.1744758	-0.2174373	0.034044366	-0.11285969	0.09505535	0.10817769	-0.22026426	-0.016506216	-0.033519898	0.1570847	-0.015246809	0.07761268	-0.10343471	-0.18707716	-0.07212419
0.087813444	0.021786928	-0.07989286	-0.08459983	-0.026021438	0.05292449	0.045908857	0.023843557	-0.042896785	-0.027654663	0.16375749	0.029100671	0.05155562	0.009473147	-0.07025387	-0.010354161
0.076598525	-0.0945328	0.100611076	-0.24719179	0.29657343	-0.2364498	-0.27663636	0.12227428	0.2598635	0.29110715	-0.26430547	-0.27634117	-0.1242408	0.26487747	-0.121830456	-0.25460047
0.1379855	0.08673555	-0.1148898	0.105580784	-0.042837374	0.13055535	0.094877966	-0.09168208	0.024719058	-0.023092233	0.044945307	0.038745675	0.014887954	-0.09263044	0.018955078	-0.0017634695
-0.1685895	-0.15739222	-0.038291615	0.071237095	-0.08109718	-0.035556007	0.015308111	0.094941474	-0.042327274	0.023468673	-0.06179733	0.08945611	0.108823605	-0.096326664	0.08053105	0.08768528
0.18089278	0.07249788	-0.15290993	0.14075097	-0.16403626	0.20713198	0.15332362	-0.119278304	-0.12812096	-0.09111632	0.19678229	0.13723014	-0.049278602	-0.063988596	-0.053923067	0.050860204
-0.13184169	-0.1527786	-0.024584394	-0.22308782	0.16653003	-0.12158583	-0.17809002	-0.0058104508	0.20812523	0.19865999	-0.18250214	-0.14988732	0.16028577	0.122547716	0.08652451	-0.16751048
0.07193035	0.037790548	-0.04896547	0.111721225	-0.088912435	0.07017032	0.093366586	-0.08388539	-0.046557352	-0.03650334	-0.02604071	0.0019974322	-0.07915314	0.0006323283	-0.077571176	0.0055024466
0.26624432	0.096315056	-0.004518692	-0.012713181	0.105983675	-0.04445682	0.08076884	0.00022939686	0.09315337	0.13902216	0.14491606	-0.04674177	-0.041399244	0.06087821	0.05239701	-0.08676771
-0.074107505	-0.12464766	-0.004311417	0.064177126	-0.12478403	0.04986352	0.12484452	-0.03176902	-0.05686382	-0.10437203	0.079752944	0.10865997	0.05638048	-0.08577862	0.17906825	0.02666138
0.07432441	-0.042182166	0.069532186	0.06424909	-0.032139637	-0.038111214	0.03080842	0.090610914	0.030793773	-0.031229764	-0.0013868434	0.04464238	-0.024904458	-0.024454445	0.09036385	-0.02267525
-0.032627687	0.043994233	-0.048174236	0.036409307	-0.07827768	0.04801157	0.028318373	-0.11500024	-0.02367879	0.0033648552	0.1094188	0.078760564	-0.03705789	-0.03331039	-0.1338508	0.103771515
0.18689677	0.097010374	-0.023258403	0.24474317	-0.21119864	0.22883032	0.15837693	-0.23919627	-0.25469422	-0.23513924	0.1470121	0.21455334	-0.13542217	-0.30178624	-0.10323657	0.15581998
0.027573809	-0.03938944	-0.082770795	0.15686294	-0.14168967	0.12665115	0.13178456	-0.056749135	-0.15235728	-0.07142628	0.016814316	0.13926153	-0.073868364	-0.1110632	-0.023287581	0.042155683
-0.16709696	-0.25358832	0.004985456	-0.28121588	0.32811153	-0.33818802	-0.2975557	0.32043517	0.4077585	0.40011182	-0.33935577	-0.3538549	-0.023721037	0.37405172	0.03606346	-0.30911034
-0.030493448	-0.12671691	0.011402293	-0.2575202	0.13420607	-0.2698542	-0.14039786	0.039509133	0.16085672	0.23238255	-0.023108302	-0.28158912	0.14356412	0.21902418	0.23534098	-0.17151591
-0.09794477	-0.011042246	-0.16018899	-0.039805006	-0.036100768	0.023255592	0.04221773	0.010308944	-0.031560376	-0.01313499	0.05842953	-0.032766983	0.14722568	0.12235419	0.043204285	0.04258354
0.022477034	-0.0037228304	-0.049490087	-0.007129062	-0.019670535	0.08958072	0.074520536	0.045785666	-0.03632268	-0.054175705	0.07744531	0.015996918	-0.078610346	-0.06516364	-0.04726957	0.0596064
-0.085705124	-0.11498181	0.00865224	0.008724394	0.12555034	-0.13153516	-0.08669041	0.23705469	0.015098491	0.13641325	-0.15605365	0.02411965	0.012360638	0.07974635	0.109567754	-0.08783567
-0.074048005	-0.017181752	-0.07643507	0.0131646395	0.03549282	-0.04009204	-0.028718986	0.07857807	0.05566407	0.11932731	-0.07795241	-0.080019526	0.032654587	-0.03352196	-0.07804515	-0.07334918
0.016226774	-0.00023201594	-0.1290926	0.04023083	-0.05837705	0.16983736	0.009979613	-0.10804667	-0.05880978	-0.08251224	-0.0036947392	0.11348714	-0.092223555	-0.0022566582	-0.1146224	0.08491947
-0.19285898	-0.11176224	-0.021351857	0.06091746	-0.054922223	-0.10123322	0.057553425	0.19812131	-0.051307224	0.037988212	-0.0062277843	0.017226314	0.08842556	-0.08045681	0.14329557	0.04614063
0.12067158	0.023490574	0.050152533	-0.19200607	0.2503407	-0.20261045	-0.17837696	-0.0621666	0.19815052	0.15567446	0.016864127	-0.16578695	0.099062294	0.20275868	0.13610621	-0.27652586
-0.025127778	0.05272524	-0.020698193	-0.031588227	-0.13130224	0.0033778078	0.10633246	0.025202416	-0.07944203	-0.052201487	0.1892149	-0.012852577	0.1101517	0.05821611	0.11447754	0.09614053
0.12416214	-0.04198113	-0.06431268	-0.15844852	0.10235615	0.022532372	-0.12839785	0.0061867	0.1274224	0.10820335	0.11639202	-0.08867711	-0.09081172	0.094695956	-0.061070967	-0.13422266
-0.0009932151	0.09203251	0.11013731	-0.02252892	0.10092012	-0.11972965	-0.07267417	-0.060749542	0.10577966	0.0626552	0.010675641	-0.031057257	0.006067063	0.01905555	-0.013997786	0.0124654155
-0.09377374	0.032663994	0.153616	0.03136087	0.0069137104	0.004623674	0.02392402	0.1940484	0.06231805	0.017738909	-0.045638364	0.12632276	-0.14554726	-0.08348189	-0.049538273	0.08281977
0.09882447	0.055773426	-0.03803626	-0.15669988	0.002970236	-0.07601809	0.035079394	0.116083086	0.07946568	0.05365521	0.026814407	-0.08518071	-0.044808816	0.058661755	-0.0052772122	-0.12996295
-0.15468791	-0.06664805	-0.024294805	-0.049280092	0.07402358	-0.13619262	-0.091393314	0.082092024	0.0981114	0.11763787	-0.04340982	-0.08014767	0.13956274	0.08029297	0.17634778	-0.07983313
-0.012254059	-0.008237988	-0.0041825087	0.057670712	0.020721078	0.027917251	0.03911379	-0.037067086	0.04535258	0.01215695	0.04572149	-0.04773715	0.047317345	-0.008382627	-0.035777684	0.06812519
0.072175734	0.1690608	-0.050958656	0.030600073	-0.07020901	0.059998434	0.05936305	-0.03584658	-0.014210084	-0.08760377	0.12402329	0.017440237	0.07741419	-0.10154173	-0.08567954	0.0636337
0.105050534	0.027026705	-0.08737943	0.076895185	-0.07815152	0.11169945	0.15146175	-0.07569729	-0.10929685	-0.06323715	0.1583699	0.08546274	0.10626516	-0.021669868	-0.051183347	0.07183163
0.14342846	-0.08217491	0.03286332	-0.052311745	0.03820288	0.022566384	0.0026006494	-0.08407233	0.07004789	-0.045229338	0.07123744	-0.034585204	-0.10656965	-0.03137229	0.06101799	-0.046454296
-0.084406525	0.099799365	-0.08802724	0.09112691	0.019354707	0.017803453	0.027505446	0.023546357	-0.04921555	-0.04387298	0.08678862	0.12351132	0.13673745	0.0059221787	-0.030272972	0.09049177
0.07642168	-0.107224464	0.0011770526	-0.064620435	0.053710923	-0.031716283	0.013285207	0.10086613	0.03240927	0.08993149	-0.03783251	0.0063861646	-0.09373262	0.13777389	0.053144533	-0.044194724
-0.07575151	-0.09705052	-0.14232808	-0.038006727	0.016630659	-0.052175265	0.060351126	0.07260739	-0.05126486	0.016680948	-0.0064175734	0.048757803	0.17356409	0.056885514	0.1243256	-0.019436184
0.009180131	-0.06929303	0.025854731	0.046157517	0.09821394	-0.041273005	-0.11376741	0.0106507065	0.017854286	-0.031978194	-0.15235968	0.03748566	-0.16409582	-0.03525275	-0.09415056	-0.022634605
0.11763291	0.06995992	0.07571831	-0.10134847	0.0722752	-0.06292196	-0.01685676	0.029401585	0.1844949	0.06271943	-0.084414	-0.13563573	-0.048750054	0.14842975	-0.13771826	-0.15229115
-0.15158954	-0.09439183	-0.18889116	0.25037077	-0.29228532	0.27300206	0.3202484	-0.09392276	-0.2748685	-0.26765263	0.19990973	0.29659924	0.05954523	-0.23264769	0.18084826	0.30898193
0.0884239	0.009790399	-0.09879557	-0.0040178588	-0.033205606	0.02911534	0.12707154	0.012503368	0.004137792	0.021220583	0.021817375	-0.034532793	-0.0032827838	0.041887376	0.100868866	-0.023636261
-0.09628428	-0.023251105	0.043990806	-0.03117472	-0.0026782618	-0.08874222	0.010027651	0.092094965	0.029226083	0.029983131	-0.044030067	0.010689324	0.053695433	0.0019389505	0.07189358	-0.016249256
-0.05442242	-0.108281665	0.099303916	0.2560613	-0.2641944	0.23186041	0.20096041	-0.06436814	-0.28952184	-0.3006246	0.1009323	0.32527053	-0.024993569	-0.3482783	0.15748514	0.26157075
-0.051369984	0.08420441	0.09716189	0.0003037763	-0.068063624	0.023979187	-0.028970296	0.019721305	-0.009094223	-0.05296776	0.0215797	0.04115851	-0.00906232	-0.03989472	0.046419334	-0.03123886
0.022496691	0.010715453	0.224797	0.049769588	-0.022811279	0.017144226	0.08717079	0.13588206	-0.014164832	0.027678441	-0.03421808	0.051334213	-0.23190059	0.017712694	-0.014184401	0.02773438
-0.03660278	0.008429369	0.09673787	0.09663571	0.025597245	0.035934135	-0.007565825	-0.07722087	0.012421549	-0.116672955	-0.08076978	0.014789329	0.012554579	0.014441421	-0.020191453	0.080511875
-0.14227998	0.058869954	0.10055125	0.22352117	-0.25250837	0.23743214	0.24122393	-0.011619773	-0.32127225	-0.34244737	-0.015123936	0.2717796	-0.21924408	-0.2550532	-0.042873267	0.29700318
-0.0132473735	-0.050680257	0.01592196	-0.07422873	0.095588826	-0.09732123	-0.16375847	-0.19686049	0.093661025	0.044005502	-0.118335925	-0.106687665	0.058502913	0.08705059	-0.1053816	-0.10535694
0.089915834	0.18332793	-0.044384662	0.25187612	-0.29429972	0.23183526	0.21795446	-0.10404289	-0.22020823	-0.22546045	0.25289863	0.290607	-0.028074825	-0.2922273	-0.055835508	0.23943852
0.0329053	0.023654215	0.08300734	-0.009678673	-0.012418147	-0.011683733	-0.038189434	0.07299973	0.032093856	-0.013008961	0.020176128	0.0657324	-0.011832267	-0.062647425	-0.042555694	0.014668346
0.08838798	-0.054503717	-0.085970804	-0.018775616	0.15137492	-0.016765762	-0.15203154	0.010906106	0.086744316	0.074199125	-0.1251008	-0.08115864	0.020577349	0.08700769	-0.09930038	-0.1354212
0.1915442	0.03601669	0.027235903	-0.28627282	0.2853218	-0.25965998	-0.24917075	-0.06708284	0.25907797	0.26088634	-0.23916836	-0.29680455	0.027611908	0.26905257	0.0205147	-0.3341219
-0.04081399	0.007092745	-0.077165104	0.2389936	-0.28780803	0.18349576	0.28163382	-0.05534056	-0.20174798	-0.22682495	0.09576479	0.278826	-0.028389798	-0.27464896	-0.021909101	0.13255717
0.1103978	0.12995686	-0.0946756	0.13605593	-0.12586202	0.14057752	0.1955384	-0.05802705	-0.11033873	0.010516808	0.15545847	0.083105616	-0.029960759	-0.045293562	-0.10376499	0.082174405
0.046509445	0.08139915	0.115599155	0.04259043	-0.09690213	0.11252304	0.14944363	0.025078172	-0.014260056	-0.048000682	0.043187894	0.04023693	-0.049355168	-0.12092999	0.08219892	-0.025263641
0.092012204	0.10876642	-0.010877133	-0.2029287	0.27053416	-0.23338644	-0.15435274	0.027416319	0.1732696	0.24013567	0.029026933	-0.23916766	0.118456244	0.18506412	-0.024505192	-0.2710679
-0.01876644	-0.09902394	-0.045076605	0.14142652	-0.16384077	0.077672645	0.050067537	-0.00017757474	-0.16649857	-0.0884331	-0.023622852	0.23200834	-0.10973093	-0.12666564	0.062339794	0.13831024
-0.14667521	-0.028808452	0.04104732	0.20030707	-0.16314703	0.07003055	0.102350056	0.09905658	-0.088575095	-0.1840977	-0.16817392	0.14497557	-0.043988507	-0.22226249	0.026064206	0.16836199
0.010063962	-0.023377612	-0.15051106	-0.053710088	0.020764798	-0.045870267	0.013907875	-0.07355241	-0.0030647237	0.1268863	0.07472831	-0.03419055	0.1026783	0.11597748	-0.18676695	-0.046301022
-0.0081049325	0.07100045	0.15069368	-0.045245588	0.006741173	-0.030163188	-0.09043887	0.037486933	0.054795496	-0.001244732	-0.069979295	-0.08619083	-0.02713272	0.05372526	0.05184962	-0.0028176056
0.014333761	-0.0038746542	0.12686022	-0.015767805	0.05297787	-0.054179225	-0.09068473	0.04288534	-0.039611302	-0.058124874	-0.121846214	-0.029996332	-0.0030658816	-0.026144676	0.0029791093	-0.10966232
0.006697562	0.09632688	0.04100475	0.017750625	0.016504968	-0.017611865	0.0808573	0.00044548773	0.026419755	-0.050789233	0.09746968	0.08810824	-0.018764615	-0.064029194	0.024430113	0.07769881
0.030476224	-0.046131454	-0.032608673	0.03156486	0.031194521	-0.040210087	-0.04956658	0.21080208	0.02604814	0.06381524	-0.059214123	0.0144076925	-0.08423319	0.019045612	-0.041251965	0.005932989
-0.046460584	-0.14260936	0.10093616	-0.20102268	0.194632	-0.20922287	-0.13368237	0.076442756	0.19250846	0.14906545	-0.1308081	-0.23120293	0.080600016	0.218343	0.08906393	-0.20356524
0.01482406	-0.08650609	-0.10710415	-0.010781746	0.014425476	-0.02377889	-0.01154291	-0.0021366184	0.026008429	0.0023385894	-0.017035231	0.039984014	-0.08095037	-0.023700489	-0.09437527	-0.05520155
0.07545914	0.06115861	0.11857739	0.1096167	-0.13813125	0.0947423	0.076988034	-0.037925866	-0.04271685	-0.1025413	0.057473794	0.1444367	0.011677281	-0.16816285	-0.0030379614	0.06083585
-0.11303033	-0.14183648	-0.11022986	-0.100620635	0.15983002	-0.08196928	-0.0872738	0.1095762	0.042932626	0.19038515	-0.080448486	-0.029986633	0.15919903	0.07007191	0.099897586	-0.14765714
0.012968904	-0.03884284	-0.04465094	-0.041831877	-0.03325804	0.03349892	0.002789366	-0.026531318	0.010877266	0.04184521	0.028648194	-0.084094495	0.02405813	0.08743294	0.01586312	-0.046213653
0.15750699	0.23302291	-0.023065222	0.2390323	-0.25389117	0.20507574	0.25023317	-0.11097328	-0.1846913	-0.26788568	0.23372981	0.19999352	-0.034912672	-0.2091179	-0.1446875	0.2551513
0.013196086	-0.08224202	0.027572231	-0.1661034	0.19112891	-0.28233144	-0.24538593	0.19905876	0.24230535	0.27005926	-0.20715487	-0.15614139	-0.04008761	0.17347954	-0.05832828	-0.24003786
0.010208223	-0.05052903	-0.16602778	-0.16011725	0.080006555	-0.04784639	-0.07037653	-0.03232085	0.010844025	0.025950734	0.005206367	-0.09709434	0.12492123	0.14016737	0.006276662	-0.056459185
-0.27430162	-0.14231676	0.06456693	0.3305102	-0.288168	0.25022313	0.251165	-0.13925856	-0.31999227	-0.3398406	0.15297672	0.2799782	0.11476026	-0.27566856	0.26733008	0.23095322
-0.1271745	-0.19159073	0.09919039	-0.18409091	0.07194898	-0.19201382	-0.16382371	0.2073931	0.14332658	0.14292938	-0.058811136	-0.14625014	0.023670258	0.0875828	0.2020478	-0.14066508
-0.10113901	0.014243497	-0.018806456	-0.1934547	0.20211633	-0.15422758	-0.19503123	0.049056247	0.2266304	0.20637216	-0.21680906	-0.24461478	0.0011344802	0.17180172	-0.03936056	-0.15434034
-0.10714567	0.088922545	-0.0033082124	-0.0017323382	0.022742165	-0.064613	0.03820362	0.19087388	0.056984898	0.009304015	-0.0029417349	0.08029229	-0.042731177	0.08154981	-0.020375462	0.06972023
0.147944	0.1555872	-0.032145787	-0.07224367	0.118207976	-0.044568133	-0.0859476	-0.04104537	0.13337156	0.08393371	-0.14973146	-0.15523529	-0.08020758	0.14279877	-0.10371963	-0.069129266
0.13543695	0.22574377	-0.041693944	0.068755135	-0.099926256	-0.051615134	0.096429765	-0.030162213	-0.056857076	0.027018845	0.14261407	0.011862391	0.15830244	-0.08665175	0.00076324295	-0.062019464
0.121495634	0.08916775	0.07343632	0.058679786	-0.049428787	0.094373055	0.08939425	-0.20827395	-0.008515884	-0.031881955	0.059978295	-0.00048799656	0.027279971	0.0047228476	-0.09609553	0.034829576
-0.03716496	-0.018184582	0.037070416	-0.1584232	0.1542903	-0.12587531	-0.09269085	0.06644795	0.19267012	0.0974125	-0.05101925	-0.12575641	0.005109255	0.111194454	0.0663212	-0.1269367
-0.053288158	-0.093685314	0.05480603	0.119628854	-0.041704815	0.036176052	-0.032250013	0.059961807	-0.054485228	-0.10468287	-0.024768952	0.052717708	-0.028956441	-0.1315311	0.077776946	0.04371085
0.013434623	0.0038444104	0.0060496423	-0.25242984	0.23574635	-0.20665967	-0.22235191	0.0033113738	0.22620994	0.20200735	-0.08640109	-0.23053345	0.074213214	0.19511034	0.04124473	-0.22944555
0.037598904	0.060948595	-0.065431096	0.0044118334	-0.007970741	-0.01499734	0.04182805	-0.10424175	-0.06879497	-0.05089409	0.09761114	0.0047891387	0.081959814	-0.031913113	-0.08324295	-0.018205293
-0.0065020933	0.09972372	-0.13945776	0.040124256	-0.03629212	0.030328432	0.011670314	-0.065360904	-0.03711765	0.013185684	0.07200111	-0.016805772	0.14469844	-0.0898575	-0.0116769	-0.011064033
0.14581925	-0.020157171	-0.09056398	-0.18965107	0.094577566	-0.12622774	-0.096751526	-0.017108565	0.16878924	0.26135036	-0.025232468	-0.1979642	0.08012409	0.10419499	0.059805725	-0.20000498
-0.0069013834	0.020115962	0.106655024	0.06242491	-0.056629185	0.064991295	0.09547556	0.07547453	-0.17358176	-0.15763669	0.02880725	0.08024627	-0.14717993	-0.1668005	0.02284575	0.08214843
-0.047915656	-0.07674949	-0.011455611	0.054117303	-0.009879842	0.04169941	0.034676917	-0.059729032	-0.04042408	-0.056665234	-0.07584407	-0.0077654715	-0.009042021	-0.11135741	0.08433869	0.039131746
-0.10712572	-0.09821355	-0.0814484	-0.07091394	-0.06752452	-0.11420217	-0.033668123	0.07059667	-0.02937423	0.049817327	-0.02472532	-0.016122213	0.11336325	0.0527323	0.14299443	-0.01980623
0.015152866	0.12437	-0.038270924	0.053093404	-0.07572564	0.04775568	0.108013175	-0.021902636	-0.012370118	-0.014894333	0.11600228	0.04654694	0.010337444	-0.0356949	0.060563456	0.0028823947
-0.056597248	0.11453662	-0.055456102	0.21754713	-0.20344402	0.21510147	0.109242715	-0.2695431	-0.16960447	-0.17833452	0.174798	0.19503003	0.03836014	-0.18907437	-0.039852075	0.25462013
0.039689016	0.046537176	-0.017969755	-0.11520686	0.20743011	-0.11286382	-0.17821291	-0.086919904	0.18210497	0.1394786	-0.029423678	-0.19337063	0.16420361	0.15151963	-0.074160606	-0.22522546
-0.035187956	0.059138604	-0.11794079	0.016057495	0.0067004915	-0.024616936	-0.016263628	0.0052359216	-0.004376536	-0.025852911	0.0705915	-0.034586802	0.110026844	-0.0219924	0.011729912	-0.0572466
-0.13574795	-0.15052354	-0.15866822	-0.03518236	-0.07450496	0.11299644	0.073268496	0.008388311	-0.05869537	0.009811549	-0.00579757	0.013810096	0.02107349	-0.011202711	0.07837785	-0.044337053
-0.05990614	-0.011715755	0.04739474	-0.033337068	0.025214596	-0.08425685	-0.030053964	0.07770912	0.09722779	0.084600054	-0.08566485	-0.033009388	-0.023993999	-0.0055480916	-0.032290548	-0.094422475
-0.05624238	-0.032244112	-0.19016592	-0.032363337	-0.053373616	0.04393701	0.021282667	-0.12006987	0.096925564	-0.0038796535	0.014980298	-0.061368052	0.15255094	0.09452609	-0.058659256	-0.15242471
0.12393773	0.08065834	-0.015462712	0.11456418	-0.121734045	0.070727035	0.16680714	0.012155125	-0.16641068	-0.11969354	0.15436536	0.19458313	-0.106515236	-0.13403523	-0.064491205	0.045770463
0.12819655	0.10090049	0.07340519	-0.05219784	0.12173102	-0.042285953	0.03531953	0.082620114	-0.021523017	0.012614038	0.19473828	0.021072961	0.010253607	0.019349093	-0.1536525	-0.0014201114
-0.007111435	0.09828326	0.117176615	0.24472132	-0.18836744	0.17244978	0.21276931	-0.04343236	-0.28530043	-0.22276145	0.09740999	0.16806722	-0.0367602	-0.23079513	0.014097915	0.18586706
-0.01111629	0.022115208	-0.03044927	0.040020276	-0.09193499	0.10002049	0.1401579	0.028380914	-0.088309444	-0.14728792	0.15908301	0.094242275	0.058075104	-0.05982009	0.0204415	0.03953997
-0.001491696	-0.0077601415	-0.0042702574	-0.08707448	0.045432113	-0.031597205	0.041047484	-0.02152482	0.05065312	0.05070654	-0.0068962118	-0.0879259	0.0019654632	0.049482644	0.109949805	-0.07128651
-0.06877993	-0.09628086	-0.07615802	-0.08995076	0.071715035	-0.020904489	-0.028937245	0.021562519	0.0685355	0.14658147	-0.08944246	-0.064756945	-0.08644872	0.09763904	0.007501893	-0.041934844
0.059591763	0.17881854	-0.026721936	0.17307462	-0.083654016	0.18678246	0.09571511	-0.10265108	-0.16739225	-0.11933561	0.0905544	0.12985182	-0.18933347	-0.16130677	-0.09349035	0.15265009
-0.05086814	-0.0687562	-0.07575782	-0.061644357	0.11652124	-0.17766054	0.032953076	0.025837578	0.08718072	0.17297927	0.0034890908	-0.058187783	0.2385691	0.06658062	0.1455011	-0.033609264
0.14105083	0.13076274	-0.2641959	-0.023753328	0.04466222	-0.007745368	-0.08887521	-0.10349149	0.08573146	0.040889747	0.106059544	-0.019062953	-0.029694326	-0.05108451	-0.14420955	-0.010915423
-0.049686536	-0.058661737	-0.04846835	0.06540096	-0.025974289	-0.016363326	0.042610433	0.1383449	-0.08260492	-0.06951462	0.013649226	0.07371934	-0.007346758	-0.10900565	0.121575214	-0.009859448
-0.117780566	0.20304427	-0.13765524	0.053731967	-0.050282378	0.005951319	0.009990602	-0.15448362	0.029505387	-0.030833794	-0.017307032	0.040699136	0.1294515	0.09168331	-0.077718034	0.14183578
0.114352755	0.022631515	-0.13061196	-0.08055493	0.0551495	-0.009833967	-0.01926759	-0.0069329464	0.061680887	0.06255544	0.057611406	0.006813828	-0.04334738	0.054187905	-0.18746424	-0.031732544
-0.0014353822	0.03580042	0.09667746	0.044686414	0.0006339525	0.046639614	0.06778119	0.020300584	-0.10656614	-0.076665506	0.16322915	0.096663296	0.012979384	0.009561528	0.003973539	0.20559648
-0.010970065	-0.10580882	-0.12732151	0.15501432	-0.15294264	0.18960506	0.13337986	-0.07290978	-0.21991841	-0.10599137	0.12729406	0.12755315	-0.0044836397	-0.08676462	0.13764074	0.15265854
-0.15224528	0.12183124	0.09266946	-0.0664504	0.1317888	-0.047438845	-0.07906793	0.06351591	0.051485807	0.09151195	-0.012469882	-0.076034285	0.08479539	0.077314496	-0.018978251	-0.049213964
0.0017815665	0.12555555	-0.20650142	0.31364086	-0.2858186	0.2045602	0.2678402	-0.12676212	-0.31059334	-0.2742023	0.19555736	0.3022481	0.115083516	-0.2687761	0.04639714	0.33409733
0.14278996	0.015143589	-0.18923962	0.020467328	-0.052316837	0.18235151	-0.0053222384	-0.07708428	0.0565396	0.02137678	0.16106047	0.008514935	-0.11736793	-0.0067605195	-0.15709312	-0.016621206
0.06294337	0.06454134	-0.043788776	0.16594023	-0.10177772	0.11633891	0.16490015	-0.005729579	-0.16130967	-0.090936676	0.18231004	0.2108385	-0.08838626	-0.15263164	-0.10365889	0.093193
-0.0045267157	0.099230856	0.06899632	-0.24218994	0.31018543	-0.23749873	-0.19411059	-0.056829564	0.26889187	0.20717536	-0.00950619	-0.30583617	0.17744625	0.13625711	-0.01564228	-0.22240457
0.048408296	-0.14407429	0.057421952	-0.021527277	0.005585584	-0.012589332	-0.121051	0.1418542	-0.00661607	0.038250264	-0.081488416	0.036858857	-0.17727219	-0.06405013	-0.07227175	-0.062469136
0.13660325	0.10617853	0.037847333	0.08937919	-0.15062277	0.111499935	0.05224177	-0.13404329	-0.13536012	-0.099712	0.059863683	0.068416804	0.0002292177	-0.054114416	-0.025014272	0.118795015
-0.01658225	0.124509394	-0.07241171	0.17089266	-0.15729752	0.17058815	0.15444683	-0.14503087	-0.23822074	-0.19987676	0.1228947	0.15735804	-0.040216044	-0.13634987	-0.13964534	0.17519432
0.08513973	0.16925865	0.09188567	0.049027912	0.027504407	0.009808621	0.034303606	-0.14126964	-0.0032348803	0.0461793	0.15608276	-0.030577503	0.061460737	-0.056171212	-0.06016718	0.0225349
0.01380092	-0.05593365	-0.060066618	0.0048753396	0.022341263	-0.029172322	0.020712307	-0.12455328	0.036003422	0.008254009	-0.031851362	-0.020629572	0.047453467	0.05406622	-0.06608381	0.0018657264
-0.11835824	-0.015637802	0.043151442	0.16573973	-0.17813553	0.14818723	0.11619207	-0.066486605	-0.11015061	-0.10732901	-0.097521536	0.08789789	-0.15377726	-0.1040825	0.08990069	0.1365059
-0.149487	-0.1441707	0.17978968	-0.016644442	0.008150733	-0.0716653	-0.07484548	0.20974056	0.023491597	0.06028137	-0.16501679	-0.040787544	-0.030842917	-0.015513547	0.18066566	-0.071756355
-0.09605401	-0.09484208	0.05859576	-0.10101892	0.051876828	-0.07077237	-0.059669323	-0.016596386	0.030281466	0.060991507	-0.109424174	-0.1076402	7.510114e-05	0.14293347	0.12556133	-0.10300566
-0.17433332	-0.010980528	0.053582847	0.18290216	-0.099739574	0.1793302	0.115619496	0.08144075	-0.21817349	-0.20834818	0.028942186	0.19486398	-0.033889122	-0.111248374	0.008627375	0.1586406
-0.093507096	0.10528887	-0.038626414	0.16702993	-0.15748604	-0.008335902	0.098020144	0.060342614	-0.12083692	-0.04270677	0.16284564	0.15050872	0.06917341	-0.118405975	0.054843493	0.17059398
-0.04093053	-0.05418767	0.08347472	-0.099483766	0.052155007	-0.16023971	-0.031823475	0.07074852	0.17478621	0.12884434	-0.07396108	-0.20116703	0.045002848	0.1257914	0.09422227	-0.16586757
0.044435542	0.110870816	-0.04679236	-0.03632702	0.04043359	-0.07156436	-0.05439471	-0.0093779	0.1698646	0.12902553	-0.021869253	-0.06441107	-0.05353952	0.06585382	-0.06804077	-0.08535786
0.06908811	0.0039036192	-0.15911393	0.059959855	-0.014673972	0.08802278	0.1295977	-0.012768226	-0.028283702	-0.045518275	0.1020847	0.0129671125	-0.0066422857	0.0227078	-0.002326271	0.11334991
-0.03216558	-0.07256371	-0.0633886	0.07093292	-0.12954706	0.0679841	0.11308103	0.034864232	-0.15459612	-0.085549444	0.035615172	0.10251896	-0.008916707	-0.028477998	0.07455394	0.08918858
0.23127854	0.06578943	-0.17550792	0.07353982	-0.06832685	0.046806056	-0.0053802975	-0.11268021	-0.0050838715	0.08488065	-0.0801108	0.039108515	-0.074875556	0.05177562	-0.20154008	-0.19683899
-0.039706223	-0.05280275	0.04215501	0.047993228	-0.11222939	0.06845748	0.06190503	0.04382868	0.018103952	-0.014537324	0.06532969	0.033191808	-0.060784932	-0.11355716	-0.07782691	-0.035203036
-0.08055586	-0.05819031	0.011549859	0.04847776	-0.1604901	0.071466394	0.06871077	-0.012286468	-0.13393421	-0.11381368	0.004388512	0.15267435	-0.13667363	-0.14157546	0.09518246	0.14173633
0.073790126	0.047779012	0.11323295	-0.106613986	0.1345102	-0.12828533	-0.123638645	0.019220337	0.12374915	0.15373635	-0.04860372	-0.16036001	-0.06585021	0.13887005	-0.06685449	-0.0822395
-0.11251372	-0.14959022	0.04516267	-0.08232005	0.09832853	-0.0941619	-0.15544096	0.15330504	0.016214268	0.1240556	0.0015230107	-0.04467246	0.05629983	0.049865764	0.14471067	-0.090283155
-0.18860519	-0.12712775	-0.034163415	-0.11308347	0.13790615	-0.1522833	-0.18554214	0.046449173	0.10114217	0.19459544	-0.061287563	-0.06918996	0.16847706	0.069593996	0.12803896	-0.047434825
-0.044189293	-0.077082865	0.014616533	-0.082550384	0.081992805	-0.07124929	-0.09184752	0.088691555	0.06956543	0.07355364	-0.10158534	-0.09684927	0.021064237	0.08688645	0.020912757	-0.03249525
-0.10424295	-0.12099655	-0.038229898	-0.047324818	0.023361256	-0.03868103	-0.048773147	0.00691423	-0.070353344	-0.045309115	-0.034667376	0.016547656	-0.018366242	-0.055641744	0.12445836	0.03510261
0.08278075	-0.08017268	0.120719	-0.07484567	0.06476887	0.013503112	0.012127867	0.20827807	0.049968638	0.033835065	-0.09671194	-0.02531851	-0.12522349	0.031587932	-0.0075305193	-0.0482192
0.050940704	0.030781938	-0.102198705	-0.0063980524	0.010272668	-0.0021983157	0.037494194	0.07301017	0.062916264	-0.01485877	0.102615565	0.051342826	0.049806207	-0.06774696	-0.038044192	-0.00164864
-0.020692348	-0.034069363	0.17079443	0.093497455	0.018812098	-0.045611154	0.039790444	0.07309108	-0.06708588	-0.04783113	-0.06851353	0.021169517	-0.11549626	0.020296358	0.034564495	0.025047924
0.044471804	-0.06099999	0.08589211	-0.24864666	0.24457029	-0.18513833	-0.282988	0.039208263	0.29987508	0.2506613	-0.21182221	-0.2929557	-0.10883999	0.24045506	-0.083609775	-0.24159974
-0.010320362	-0.04509362	0.043382272	-0.14245199	0.11325413	-0.08812596	-0.089827955	-0.0074721193	0.083099835	0.100812405	-0.06325903	-0.14257258	0.07434313	0.10799369	0.017573612	-0.098074295
-0.09227006	-0.08767549	0.058555886	-0.00035425127	-0.10581193	0.023406802	0.046485286	0.0855292	-0.023682993	-0.09343591	0.027414095	0.10898041	0.06929856	-0.06579975	0.1325677	0.09633162
-0.0022193063	0.026426878	-0.21275742	0.24117133	-0.3076612	0.2523056	0.22170146	-0.1307545	-0.2403934	-0.17717075	0.20101729	0.25249416	0.071289964	-0.18825465	0.14528383	0.1615529
-0.14653502	-0.09728346	0.025975207	-0.03402849	0.098466955	-0.13404356	-0.14683282	0.031597853	-0.017661545	0.04048761	-0.1001699	-0.05870315	-0.051024962	0.03624566	0.042054147	-0.127699
-0.0032741982	-0.13920526	0.08575907	-0.016040884	0.018699436	0.03719194	-0.0020584483	0.066870764	0.028005589	0.017725864	-0.13714378	-0.044760745	-0.14208646	-0.013669347	0.08328427	-0.07381809
-0.06951129	-0.11952094	-0.015344148	-0.13786374	-0.0154909175	0.015686518	-0.030837502	0.014895638	0.038186435	0.074424624	0.018199543	-0.056621168	0.012866194	0.10278359	0.25279358	-0.080114745
-0.06828592	-0.10009877	-0.047653984	0.10736609	-0.17370811	0.18917163	0.12901203	-0.091097645	-0.19759806	-0.19706087	0.018489461	0.07336262	0.004447481	-0.16739205	0.09734291	0.14229248
-0.037955448	-0.031396087	0.14633156	0.059022278	0.022068828	-0.0105223	-0.003950413	0.09228917	0.015177867	-0.095348045	0.004973498	0.08243033	0.052546646	-0.09367221	0.024295432	0.07368894
0.02287905	0.027018046	-0.09075961	0.040129073	-0.08967975	0.11901563	0.059959143	-0.111819	-0.1189096	-0.12211234	0.09639992	0.09583138	0.0036635834	-0.09767482	-0.02561571	0.103153534
-0.06859773	-0.06495281	0.057439446	-0.17467208	0.16607663	-0.14639276	-0.24483508	0.026405126	0.10750978	0.074617	-0.13260907	-0.19823912	0.027282981	0.14582306	-0.0036068822	-0.12826973
0.012158166	-0.13716769	-0.041489586	0.0026250475	-0.048213247	0.036911674	-0.024626454	-0.010038453	-0.09497371	-0.038110685	-0.019919304	0.04018344	0.032640833	-0.030242506	0.091061674	-0.08405457
0.14299735	0.14400278	-0.014809651	-0.09792742	0.14077756	-0.14178203	-0.21414189	-0.14985597	0.16574903	0.14699964	-0.08909768	-0.09701394	-0.106416136	0.097924545	-0.05284051	-0.12932836
-0.016794775	0.027919384	-0.14026576	-0.08576521	0.098083235	-0.008820351	0.01208853	-0.0676415	0.0067867613	0.02071693	-0.005534507	-0.07694055	0.08724872	0.18841213	-0.017247755	-0.031396206
0.09743461	0.057391122	-0.07405899	-0.11900008	0.11942883	-0.09944144	-0.02896347	0.00174145	0.060973514	0.15305783	0.010770239	-0.13719061	0.16556951	0.19788916	0.09643881	-0.12145297
0.07365346	-0.17862895	-0.094480865	-0.21947734	0.14047036	-0.07915942	-0.11653764	0.13129331	0.15233767	0.16146572	-0.05951701	-0.16661692	-0.05903222	0.20528467	-0.025484845	-0.14687869
-0.16307382	0.12088658	0.09446862	0.028199067	-0.055218466	-0.0030829606	0.019349892	0.05862773	-0.024226042	0.006774218	0.12259454	-0.021679763	0.16561082	-0.055175714	0.11799425	0.075899765
0.034033302	-0.12604801	-0.1093304	-0.24166434	0.1753608	-0.23525581	-0.26798648	0.13499129	0.24450785	0.19412112	-0.11034575	-0.25341645	-0.010760543	0.23062561	0.010906891	-0.21523444
-0.14000136	-0.14330173	0.03747626	0.029063415	-0.084600344	-0.016308656	0.079647526	0.11849629	-0.09712135	-0.0062844623	0.09023842	0.05804447	0.115413465	-0.07577469	0.12066213	-0.0056623137
0.1817506	-0.09810193	-0.009703115	0.017951254	-0.06850193	0.19328114	0.049534693	-0.119624496	-0.08355455	-0.13174339	0.037657313	0.07222515	-0.11460571	-0.049034294	-0.1042694	-0.03076167
-0.041985724	-0.05139693	0.022656137	0.0034614885	-0.06363311	0.037344854	0.054852895	0.04327166	-0.00483452	-0.08478011	0.06503806	-0.0027389245	-0.020284481	-0.055700846	0.007114556	0.07844285
0.026803138	0.16652852	-0.05033284	0.17235862	-0.14732641	0.13385534	0.14749815	-0.09568842	-0.16450249	-0.1270867	0.084981434	0.16398895	-0.06697594	-0.15621704	-0.056691483	0.13203269
0.020835467	0.0845703	-0.21323605	-0.062431406	0.008940842	0.011959047	0.0033968806	0.0487681	0.083069235	-0.021721696	0.057828166	-0.04715549	0.12651606	-0.006465525	-0.07940652	0.021918196
0.03667485	0.09306316	-0.024882399	0.17569034	-0.14180541	0.018661736	0.155137	-0.06086636	-0.14800893	-0.06364769	0.19933607	0.09292778	0.043641225	-0.13417186	-0.010273338	0.0851586
-0.14886029	0.009017752	-0.029655334	0.019738268	-0.09434111	-0.006064543	0.059788443	0.0937545	-0.094781466	0.0019570147	0.06189878	0.10725022	0.086497575	-0.15057506	0.009331	0.025351066
-0.017815096	-0.0867801	-0.13583982	-0.14384437	0.03758828	-0.06308465	-0.030530004	0.1096939	-0.015858725	0.046759717	0.15531637	-0.09394332	0.040744774	0.065165006	0.19355774	-0.1299495
-0.036686517	0.064181454	0.07750528	-0.0809969	-0.02629308	0.047018155	-0.112022065	0.011221078	0.030875912	0.044097435	0.10898579	-0.06555165	-0.03872541	0.041122258	-0.021822006	-0.10209485
-0.006186749	-0.060888108	0.10289285	-0.10377359	0.03730948	-0.045286324	0.024317617	0.00905213	0.09473332	0.033126052	-0.023377284	-0.052256007	0.0014011133	0.014122782	0.116289265	0.050957832
-0.15766864	-0.27172557	-0.0708561	-0.28426665	0.2138413	-0.22163235	-0.28054753	0.2019154	0.16997097	0.18377164	-0.17822331	-0.29598615	0.07259978	0.2024363	0.18257906	-0.22961074
0.09192126	0.10938319	-0.08867258	-0.09281464	0.009397888	-0.1424794	-0.026112849	-0.091982886	0.055309206	-0.038057398	0.22588545	-0.20043164	0.25288656	0.016997086	-0.01702675	-0.023137338
-0.045821507	-0.07453861	-0.083761424	0.052203313	0.014191351	-0.024258975	-0.05881595	0.0385235	-0.02446465	0.030617902	-0.13799898	0.034869622	-0.043852575	-0.08181764	-0.07282261	-0.011696173
0.0662842	0.062057108	0.0018026653	0.11647753	-0.13511097	0.12655753	0.05971362	-0.19334841	-0.18950638	-0.15892394	0.096004054	0.11960505	0.042944957	-0.11252888	0.031925023	0.06790562
0.010690635	0.10538108	-0.009642167	0.032105453	-0.06870927	-0.014867307	0.052323535	0.060126703	0.07022537	0.025833244	-0.12278723	-0.024124768	-0.03227575	-0.012419338	0.06340611	-0.044495378
0.13664794	0.20109099	0.060356483	0.14326362	-0.082672276	0.06007514	0.082922235	-0.18181242	-0.062607236	-0.049075704	0.14105648	0.033683356	-0.023612175	-0.09176834	0.0027920508	0.010013051
0.0280513	0.07538955	0.055515435	0.13694544	-0.122637786	0.117361814	0.09874247	-0.050778892	-0.07709643	-0.05604572	0.06569354	0.15699561	-0.16398963	-0.08239873	-0.005043526	0.11558505
-0.06119799	-0.03249769	-0.07120216	0.053722396	-0.124601096	0.10935065	0.09118473	0.14975867	-0.099157445	-0.04228357	0.0077894717	0.05967767	-0.005478392	-0.05089006	0.10691259	0.037690125
-0.1375808	0.04373665	0.120732166	-0.15328878	0.09945038	-0.15992688	-0.13755679	0.0722141	0.19059315	0.15671583	-0.13436522	-0.21375702	0.029855598	0.20489492	0.023743382	-0.092092186
0.03291992	0.118544176	-0.059360627	-0.051941864	0.06986794	-0.03546168	0.020496823	-0.0049406555	0.061672445	0.0058641867	0.036804374	-0.007190222	0.0070349597	-0.007909741	-0.032602597	-0.039161414
0.0019411033	-0.0154176075	0.03222085	0.11372403	-0.06603231	0.1380476	0.055900704	0.05102734	-0.16633187	-0.21724103	0.054839186	0.086725265	-0.12502742	-0.09502187	0.0038499366	0.1066777
0.051890265	-0.08009891	-0.1860477	-0.029065274	0.0077373823	0.054060087	0.044279583	-0.011195768	0.038124725	-0.017617488	0.09138237	-0.0037456383	0.1376177	0.11169779	-0.0445289	-0.07495198
-0.051830336	0.0054302006	-0.08184202	-0.021432273	0.0006751612	0.035676908	0.09008809	-0.08274202	-0.022381846	-0.033146925	0.061813917	-0.07782783	0.09931465	0.103338405	0.097612604	-0.05065948
0.06905807	0.15546349	0.053178653	0.07912155	-0.04808001	0.059497148	0.040824473	0.07430232	-0.013343841	0.0022300563	0.03639396	0.06622792	-0.15347841	-0.0243372	-0.08391099	0.08916892
-0.095879875	0.10065968	-0.022113102	-0.002148001	0.020772753	-0.04169166	0.009239732	-0.010381587	0.12584135	0.054983456	-0.010441557	0.0011661259	0.12154279	-0.052641384	-0.0011049971	-0.05802333
0.16889794	-0.008834009	0.098685294	0.08143761	-0.09789276	0.09184328	0.18009736	-0.09340315	-0.055865027	-0.16583064	-0.04050139	0.09287461	-0.054434992	-0.07396985	0.06195543	0.020566704
-0.04169853	-0.04635644	0.058106538	-0.05799087	0.09096141	-0.041338246	-0.110171005	0.09253762	0.045130618	0.019888671	0.014389332	0.03013549	-0.021675533	0.010198795	0.015665295	0.013421084
0.016362738	0.021409195	-0.04783001	0.06299038	-0.005672537	0.07819982	0.081451476	-0.038671777	-0.043891944	-0.033606593	-0.038044985	-0.0130162295	-0.030332247	0.023675537	0.05176573	0.054855473
0.18771313	-0.053410597	-0.013996638	0.12584586	-0.097757965	0.079958044	0.054502822	-0.04962658	-0.121540286	-0.19288512	-0.049729988	0.13528013	-0.1697605	-0.17925085	-0.14804322	-0.07881385
-0.17915279	-0.1611251	-0.017348496	-0.068494216	0.04138135	-0.100143924	-0.06955442	0.18913864	0.14637743	0.09433508	-0.08340604	-0.07854263	0.13229753	0.10582851	0.19991815	-0.078729585
-0.20982936	0.090942726	-0.122948304	0.21776773	-0.2445973	0.14655732	0.2427208	-0.17669909	-0.1929938	-0.25366703	0.2008655	0.19790159	0.16741587	-0.22259754	0.17229366	0.2188157
-0.07875842	-0.074464135	0.065401316	-0.055138048	0.05159093	-0.07574093	-0.09642302	0.11841692	0.0023922639	0.035219572	-0.13257265	-0.048904326	0.07428139	0.055058677	0.10410104	-0.02257556
0.16633719	0.19675945	0.024809489	0.019604541	-0.04390737	0.13584839	0.05320104	-0.16483483	-0.09171251	-0.09748777	0.013495459	0.024650345	-0.04134251	-0.012658703	-0.15192465	0.08773484
0.1276768	0.16700359	-0.015802816	0.21961376	-0.17787327	0.25122765	0.21189137	0.0352672	-0.18865138	-0.1716975	0.12384617	0.20380902	-0.14765808	-0.2564953	0.004586363	0.1261838
-0.041278172	-0.0019036648	-0.0017626304	-0.030441318	-0.010074659	-0.0031264317	-0.015620442	0.050766747	-0.013398764	0.004718351	0.026376642	-0.015873548	0.010078359	0.003973795	0.010209551	-0.011799369
0.019916518	-0.075127445	-0.010190338	-0.13262023	0.21440336	-0.17562838	-0.2266097	0.0821608	0.1621915	0.09868956	-0.11301077	-0.2261928	0.17099507	0.11237048	0.051086474	-0.13984169
-0.11730384	-0.12968338	-0.077485174	0.07755176	-0.056853153	0.029901257	-0.004129263	0.022618733	0.020600185	0.002479623	-0.06875234	0.0498201	0.11862757	-0.031391464	0.035371028	0.06281911
0.013255294	-0.036306947	-0.044662744	-0.122091584	0.048978537	-0.044824366	-0.055576015	-0.061452504	0.044588547	0.09078852	-0.00079714204	-0.073762454	0.0769673	0.15984084	0.09484951	-0.037497472
0.082255304	0.10987243	-0.067701615	0.136219	-0.110750414	0.15331681	0.22035548	-0.1460367	-0.1779702	-0.1645938	0.146336	0.17186016	-0.020187356	-0.15054627	-0.099835604	0.13802215
-0.017913625	-0.06305665	0.05102266	0.089853875	-0.035035808	0.060673945	0.14097938	0.01873081	-0.16994892	-0.1824577	-0.03434685	0.053897355	-0.07314458	-0.04844576	0.008404876	0.09818061
0.094569854	-0.0149200745	-0.1884546	0.028429706	-0.105581336	0.14376602	0.1518763	-0.26271904	-0.077996925	-0.025317002	0.102815725	-0.049982972	0.078366205	-0.03308871	0.024575502	-0.029854426
0.03645755	0.14856401	-0.103729635	0.08312204	-0.12864733	0.11963493	0.17906384	-0.1991559	-0.07004041	-0.1020316	0.19596305	0.07823917	-0.032118272	-0.10734299	0.010040388	0.10854042
0.04956154	0.22502728	0.09833992	0.08334009	-0.023030652	0.10915612	0.07628043	-0.14295161	-0.064750455	-0.1242787	0.18557595	0.13114585	0.01055801	-0.0946601	-0.19992183	0.10545848
-0.08561699	0.0040371837	0.08255842	-0.06686534	0.14998476	-0.15959834	-0.07669558	0.048221786	0.0516645	0.051067967	0.012851261	-0.09886234	0.17669871	0.023646511	0.04520482	-0.12346975
-0.025077155	0.027552769	-0.07440804	0.07207325	-0.07323974	0.123617284	0.09524931	-0.08783373	-0.110415995	-0.042995043	0.15970013	0.028209511	0.10613475	-0.071353994	0.074655205	0.016591664
0.03438576	0.18377423	-0.1077137	-0.15455766	0.18042994	-0.16747597	-0.051178	-0.01050401	0.16820796	0.23088832	0.017052663	-0.22902359	0.115317576	0.13873108	-0.121338844	-0.10615009
0.17157057	-0.032413762	0.015012885	0.0022845275	0.0748513	-0.062346585	0.025149016	0.14261438	0.03356566	0.102364965	0.013269566	-0.009693105	-0.06821477	0.0903695	0.072266914	-0.12568685
-0.052971486	-0.19244283	-0.033114027	-0.08505567	0.013764879	-0.09195795	-0.04764313	0.09094556	0.004436673	0.034989666	-0.080219924	-0.066942446	0.07193043	0.053805415	0.21193047	-0.066259325
-0.03334534	-0.05413832	0.047540583	0.114930555	-0.09869998	0.055255923	0.09293361	0.04577866	-0.04940632	-0.0442847	0.034737576	0.15174711	-0.08457208	-0.015962968	-0.05023777	0.14421454
-0.09768797	-0.12175199	0.00017437043	0.072069146	-0.122836165	0.09100881	0.19592473	0.10914666	-0.14641833	-0.08012055	0.011534581	0.10534901	-0.08373146	-0.007681142	0.09572991	0.14494693
-0.027140666	0.081099205	0.1034168	0.20609726	-0.17170988	0.23307012	0.23393857	0.015231187	-0.19615869	-0.11276408	0.050142355	0.23024046	-0.09800156	-0.18345514	-0.028572619	0.16284986
-0.10822028	0.1651181	0.050627723	0.13379945	-0.007898623	-0.00364786	0.115428	-0.09007665	-0.06097039	-0.06479293	0.12128371	0.16393824	0.15113893	-0.15348163	-0.12639983	0.085964315
0.06625519	0.077083685	-0.07691401	-0.081567965	0.038553786	-0.06345576	0.008487796	0.07117659	0.12567459	0.035874546	0.10172878	-0.036373876	0.07954936	0.010316533	0.02724698	0.015277452
-0.060059387	-0.076401964	-0.03942822	0.1070337	-0.13717613	0.08351478	0.13486302	-0.023700485	-0.11255285	-0.050339025	0.15920821	0.08873173	0.11865531	-0.11292759	0.040951416	0.03609566
0.0933325	0.055266794	-0.08553006	-0.039136298	-0.037413094	0.019560026	0.004513514	-0.09179085	0.0007584441	-0.043578632	0.049171362	0.0122643355	0.10801561	-0.07690622	-0.08479986	0.038259484
-0.029131891	-0.026201395	-0.13565709	-0.11266984	0.050608084	-0.13531382	-0.101131484	-0.04320142	0.051146127	0.0638331	-0.0052814377	-0.062059797	0.105400644	0.039004065	-0.15456131	-0.1155983
0.13252334	0.039381463	0.10384217	-0.09456645	0.08677142	-0.07681061	-0.06721409	-0.06572015	0.14831044	0.05944035	-0.045177247	-0.122618735	0.18718798	0.073911086	-0.04402092	-0.1670958
0.013588065	0.04340771	-0.02948423	-0.08275255	0.0776129	-0.112803854	-0.030799925	0.034480993	0.08505891	0.072849676	-0.0071480195	-0.08523637	0.13435616	0.045183163	0.029793188	-0.071560286
0.102796026	0.0072536063	0.015314478	0.05359665	0.030368418	0.04197812	0.06320976	0.03977032	-0.028383587	0.03159169	-0.020602908	-0.011839535	-0.023260763	0.064169556	-0.008745694	-0.03668913
0.008276424	-0.044528384	0.028008798	-0.026461279	0.05284482	-0.015661562	-0.116964854	0.016467018	0.14925356	0.030581499	-0.07523905	-0.08245563	0.05705704	0.014315403	-0.0029576859	-0.069613
-0.028970875	0.020323042	-0.04429048	0.042475026	-0.08784216	-0.013339024	0.13480125	-0.014307744	-0.015693005	-0.012872016	0.1556045	0.07202084	0.14683144	-0.095566034	-0.009743319	0.0017592255
0.05219934	-0.1155359	-0.0144102285	-0.05793757	0.10175392	-0.06547936	-0.04360488	-0.06177336	0.058216	0.123779856	-0.024881698	-0.06155646	0.014458388	0.13693169	-0.13472775	-0.09897949
0.09281057	0.1721836	0.09512079	0.00854545	-0.0024836988	0.07347114	-0.04055313	-0.104703456	-0.02394993	-0.046060335	0.12028988	0.04347529	-0.055076107	-0.07101404	-0.11304749	0.023650339
0.1538818	0.05597918	0.047080938	-0.025374161	0.09932981	-0.085948884	-0.066212066	-0.025485074	0.031130582	0.060862947	0.07676587	-0.092407666	0.03711019	0.05924365	0.033005744	0.0065761544
-0.008006484	-0.02314912	-0.12406389	-0.13131051	0.13867757	-0.07238466	-0.17214595	0.07692577	0.07639474	0.11403517	-0.04908568	-0.109389886	-0.0014969265	0.10226288	0.013052322	-0.13077688
0.004330151	0.075161025	-0.07834607	-0.03525806	0.0012732965	0.013073935	-0.01868103	-0.101730846	0.08244084	0.015202277	0.08790182	-0.051203236	0.14077954	-0.041107345	-0.041396275	-0.012759803
-0.09772576	-0.06322526	0.17370194	0.03196834	-0.054978333	-0.014798685	0.046548273	-0.027919209	-0.058370102	-0.14028417	0.014069537	0.11028173	-0.06241675	-0.08436813	0.04270065	0.09633721
-0.06989439	-0.030807039	-0.021691782	0.15382192	-0.059639964	0.044298407	0.11939776	0.01591237	-0.039814238	-0.03970991	0.09553561	0.17099155	0.00013899321	-0.19722208	0.052397203	0.12939534
0.03945273	-0.005491423	0.080726594	0.013254106	0.009553218	-0.11721576	-0.028171517	0.16022396	-0.023985306	-0.019117288	-0.11754989	-0.046454668	-0.019227149	-0.044819474	0.042635947	-0.02896109
0.03941584	0.07313496	0.07962578	0.07328441	-0.085279286	0.10470791	0.06744033	0.030087506	-0.061452515	-0.09269003	0.11293504	0.08569895	-0.0124992225	-0.100455336	0.050661065	-0.032917842
-0.16364627	0.013163244	0.15690558	0.14646733	-0.21304291	0.080011256	0.2154307	0.23065612	-0.1411922	-0.15035957	0.15955448	0.22513919	-0.02567638	-0.26513463	0.09406507	0.24708791
-0.053263985	-0.1005069	-0.04874641	-0.13261786	-0.018114166	-0.10499309	-0.08516559	0.1306146	0.06279498	0.06020446	-0.0021665434	-0.11829957	0.067960486	0.105468504	0.1422351	-0.074146576
0.026085993	-0.0671498	0.07391678	-0.15116367	0.069988705	-0.12444839	-0.107803494	0.0031203944	0.052255474	0.06755319	-0.0010047544	-0.0958113	-0.06170544	0.106592745	-0.032299265	-0.057267163
-0.06682804	0.11308678	-0.019838119	0.040387347	-0.18457556	0.13722612	0.13108471	-0.10615053	-0.07181748	-0.1161262	0.090422854	0.119991906	-0.072304234	-0.017945541	-0.09609474	0.17309548
0.11062161	-0.06797894	-0.13039625	-0.19494644	0.15122868	-0.041363183	-0.23546553	-0.025859643	0.1746268	0.141634	-0.09616719	-0.14243154	-0.022774834	0.1626088	-0.098825306	-0.24383946
0.10170151	0.042622685	-0.14803793	-0.04930576	0.034181386	-0.09649372	-0.06324659	0.0038402071	0.11385731	0.024669645	0.051424637	-0.13348861	0.038566787	0.07157698	-0.003187499	-0.060866702
0.18662369	0.13677034	0.056108356	0.0923533	-0.098474704	0.070822515	0.121028244	-0.11614578	-0.10695993	-0.10553477	0.07320034	0.13620572	-0.12378608	-0.13862488	-0.070097275	0.16147044
0.020547612	0.07878946	-0.18153913	0.18574141	-0.23541756	0.23778072	0.25745165	-0.09259455	-0.17095928	-0.15804474	0.06610479	0.19525653	0.043666497	-0.046396174	-0.07513224	0.18647328
0.14004396	0.068298936	-0.039237913	0.059703734	-0.064739734	0.16583234	0.14415896	-0.11659194	-0.14250712	-0.124867044	0.14470996	0.041725144	-0.065310076	-0.049094096	-0.07655102	0.051436435
0.04590604	0.09579094	-0.09419468	0.13919249	-0.09399212	0.20812519	0.17875962	-0.12502246	-0.2564453	-0.19761239	0.14438434	0.15114133	-0.16611706	-0.16923063	-0.072496146	0.18315953
0.038964037	0.12781484	0.074310675	0.14769019	-0.16421477	0.13455448	0.22180392	-0.08884138	-0.22245425	-0.14451435	0.18075617	0.22324081	-0.09904223	-0.2086251	-0.09736218	0.22202554
-0.027375888	0.029434294	-0.04336035	-0.027854845	-0.08931784	0.0703344	0.022782858	-0.08741176	-0.050940383	-0.03075116	0.013311279	0.015696516	0.09260017	-0.020314747	-0.0025197435	0.02916667
-0.02891516	-0.012074111	-0.010604456	0.14652964	-0.065484025	0.07949556	0.11047991	-0.0014739772	-0.08978575	-0.06509395	0.026228644	0.11696645	0.07049563	-0.15345559	0.06373655	0.055382017
-0.04064066	0.040520653	-0.029561779	0.15188873	-0.20221849	0.17544258	0.18211958	0.016429888	-0.07009762	-0.113451116	0.06102637	0.13043182	0.09626757	-0.04478142	0.1368979	0.13879383
0.18779325	0.041003793	0.014756109	0.117050864	0.049262244	-0.013947768	-0.0011991053	-0.10083148	-0.015823621	-0.023670895	-0.077574074	0.064121306	-0.087667696	-0.0077979	-0.16301602	0.022148218
0.022603976	0.0061742063	-0.030913634	0.041321814	-0.08844203	0.16588402	0.18501024	-0.06501715	0.013547686	-0.0036417865	0.112331346	0.08240044	-0.0148671465	-0.05204174	-0.05427504	0.10589472
0.12870239	0.07443036	-0.07605078	0.17947198	-0.06418358	0.20513462	0.105471924	-0.15419938	-0.15950221	-0.17358692	0.14839709	0.112888366	-0.07186821	-0.11801316	-0.1074573	0.2025484
-0.03933594	0.07600916	-0.16742906	0.19804038	-0.17447574	0.16404867	0.22467278	-0.16655156	-0.18426691	-0.20285998	0.17242403	0.17611426	0.048610184	-0.23659201	-0.0066510076	0.13643621
-0.012106057	-0.12425094	-0.04197411	-0.03660912	0.16263992	-0.10222211	-0.15035862	0.025412811	0.021038625	0.07281401	-0.033542868	-0.043195736	0.0031211046	0.0750956	-0.046329323	-0.07737438
0.045680825	-0.0073245945	0.0874428	0.05263172	0.053228144	-0.028098252	0.0059547676	0.045863185	-0.0048812004	0.038048398	0.019718532	0.028017139	0.009952588	-0.045829993	-0.018616972	-0.014530079
0.039611217	0.0760481	-0.07441221	0.13501795	-0.08926973	0.10545434	0.035954338	-0.049449228	-0.13561665	-0.10128682	0.014993571	0.095852315	-0.05594174	-0.10145908	-0.0908421	0.044804823
0.047202673	-0.041900173	-0.03942644	-0.15535612	0.14620252	-0.062228717	-0.15255475	0.024956815	0.13695873	0.09033212	-0.016935559	-0.103490934	-0.06528009	0.08983945	0.02986537	-0.12532032
-0.07042726	-0.063816205	0.06724883	0.09104541	-0.030080749	0.15455075	0.11755587	0.094034016	-0.08700431	-0.12770602	-0.021911504	-0.002322663	0.13059117	-0.019249944	0.06823528	0.14894643
0.18215804	0.10098503	-0.1809546	0.04179537	-0.033364143	0.04844151	0.014604646	-0.0598712	-0.0236948	0.0243268	0.14681882	-0.026326677	0.057231773	-0.05143019	0.023233565	-0.0105740875
0.2254943	0.083037265	-0.017689927	-0.009439048	0.07788827	0.060849234	0.011662141	0.056322455	0.02584841	0.030322753	-0.1480862	0.021584563	-0.1684984	0.11075561	-0.1972538	-0.06583116
0.13630043	-0.021989474	0.07864283	-0.033957385	0.058049716	-0.026586642	-0.04340774	-0.09187072	-0.067574695	-0.06676687	0.021986838	0.031224404	0.005272207	-0.062904544	-0.09711803	0.0064821183
0.016377315	0.076627	0.0021086615	0.05414385	-0.03189777	0.10766721	-0.059071463	-0.12695678	0.0061073126	-0.095724225	0.11800149	0.048379168	0.009091962	-0.0651872	-0.08039517	0.019655343
0.039703693	0.10603208	0.1443214	0.17057827	-0.14360633	0.17843486	0.065925375	-0.14125992	-0.17492571	-0.16362439	-0.019741362	0.13024916	-0.08680782	-0.20349777	-0.13854244	0.17454262
-0.16978261	-0.1751844	0.006353681	0.0905532	-0.07368877	-0.036658928	-0.010730576	0.056853335	-0.010238356	-0.016585188	-0.11422227	0.015746579	0.13671933	0.024375977	0.14908579	0.06536118
-0.07489922	0.091433726	0.09803229	0.06386284	0.0018216553	0.025399713	-0.07402792	-0.07395681	0.02752191	-0.0697291	-0.039722733	0.006522865	0.023904735	-0.057807416	-0.15481637	0.055521693
-0.08846664	-0.010041525	0.037306365	0.095400944	-0.074305244	-0.03746127	0.12471504	0.10699563	-0.0032582271	0.0501718	0.14258906	0.12458959	-0.02096779	-0.109145984	0.08543369	0.092311315
-0.090937205	-0.071820214	-0.0070119007	0.13271645	-0.046690263	-0.0443959	0.031203326	0.09640403	-0.055007473	-0.012716619	-0.08624186	-0.036144275	0.055897024	-0.08253504	0.035924297	-0.05810394
0.013186213	0.0689058	-0.041084964	-0.0031558573	-0.0021236571	-0.04965673	0.028018566	-0.037986178	0.030963885	0.04549591	-0.0217304	-0.005477216	0.031747483	0.111278445	-0.06465172	0.042265616
0.003614623	0.11852343	0.0008820512	-0.052867565	-0.025420096	-0.05322988	-0.030474083	-0.0043617715	0.039168783	-0.03215415	0.052714888	-0.00882898	0.10261078	-0.018574562	-0.06473563	-0.06715802
0.13834026	0.1321378	0.11979445	-0.030709742	0.06738664	0.03331136	-0.05519831	0.26586863	0.032652646	0.042147268	-0.10224395	0.016007023	-0.23525101	0.06542647	-0.09931751	-0.025476076
0.07770054	0.0048009856	-0.09430801	-0.054871112	-0.039637536	-0.033759605	0.0899973	0.05397914	-0.022742946	0.086333826	0.12193873	0.050026897	0.059788678	0.05220299	0.016274197	-0.0048385384
0.028962286	0.039946366	-0.07644377	-0.04908612	-0.009305825	0.0046365317	0.059177347	0.004791627	-0.03642885	0.08895223	-0.047258638	-0.025494408	-0.06769346	0.1096076	-0.09903353	-0.08646927
-0.16093917	-0.0037939749	-0.011258133	-0.098606504	0.13336113	-0.15206572	-0.15410817	-0.06332575	0.1456974	0.14337677	-0.14351623	-0.112229094	0.14677505	0.12852572	0.01619105	-0.05971877
0.036832877	0.00175929	-0.14124775	0.03206238	-0.12352675	0.08527507	0.08934297	0.048507165	-0.10999153	-0.07410053	0.060670745	0.0049523446	-0.006336266	0.011437466	0.009191759	0.033068318
-0.1502054	-0.14926296	-0.1111763	-0.17387383	0.16951221	-0.18543392	-0.16060439	0.09064355	0.16305608	0.20419528	-0.19060202	-0.22223432	0.13532358	0.08595774	0.09406151	-0.19476981
0.0305931	0.09968903	-0.13055299	-0.11941798	0.16161145	-0.14043361	-0.0807888	-0.083843604	0.11344759	0.14751333	-0.023822626	-0.1671588	0.17209587	0.23982157	-0.056395832	-0.11522988
-0.02102148	0.08257471	0.088054724	0.101842694	-0.038455233	0.061577197	0.14626996	-0.009301442	-0.03024061	-0.12274113	-0.020300692	0.073527485	-0.09474409	-0.07766275	0.09702641	0.09139124
0.042642474	-0.12178246	-0.085940406	-0.034313463	0.03461415	0.018066205	-0.009838677	0.038768362	0.10484482	0.06643003	-0.047354374	-0.039474994	-0.03132629	0.08950216	-0.025767855	-0.03424429
-0.05771542	0.031229436	0.043908827	0.17128919	-0.2015837	0.15230295	0.1237495	0.16542034	-0.1836114	-0.14439513	0.00928893	0.20082673	-0.13682975	-0.14424624	0.17008072	0.18698512
0.06803188	-0.037606668	-0.02848884	0.053050257	-0.016332624	0.055153754	-0.042206615	-0.11951428	-0.0010198447	-0.07849345	-0.013227722	-0.032111205	-0.06997498	-0.06349298	-0.07140516	0.008348207
-0.034532417	-0.040134944	-0.09705134	0.02693648	0.048233595	-0.032147992	-0.055877537	0.14015679	-0.032840244	0.021520553	0.027914785	-0.0005963425	0.016643202	0.03104663	0.008807549	-0.10498923
0.001129473	0.11423718	0.07094412	0.20396116	-0.1674116	0.14471461	0.24253371	-0.08317351	-0.19204009	-0.22693707	0.079035714	0.19217293	0.01093344	-0.18637656	0.012245142	0.13343984
0.22146794	0.03661878	-0.08022155	0.13197884	-0.10090904	0.14067139	0.14842017	0.031089624	-0.1533745	-0.024084203	0.017885879	0.11742572	-0.16548198	-0.055867232	-0.1484738	0.04314145
-0.04658685	0.0024753753	-0.029826012	0.15519848	-0.18509664	0.20613797	0.14227097	-0.0076757856	-0.18813731	-0.15961121	0.1223998	0.2414587	-0.037892096	-0.13237448	0.025238575	0.18290962
0.0059135403	-0.09090106	0.08065197	0.023872415	-0.08949424	0.06184656	0.03502587	-0.14475998	-0.07128421	-0.066839755	-0.013701897	0.02613331	-0.057156906	-0.037833806	0.0949485	0.07527579
-0.07054652	-0.12955631	-0.009413999	-0.10346362	0.122289434	-0.085383765	-0.13538826	0.042793937	0.08714138	0.09181475	-0.1539329	-0.12319124	0.07249425	0.13705939	0.08148779	-0.086744934
0.1280774	0.07430055	-0.012337274	-0.19741152	0.15232192	-0.084859304	-0.10383104	-0.015610743	0.101557404	0.10959861	-0.0013105656	-0.20030043	0.1332348	0.16131486	0.023650846	-0.15625268
0.112476885	0.18551832	-0.00037563668	0.085099384	-0.06942019	0.17126764	0.017624736	-0.14102896	-0.11058113	-0.16334805	0.09030969	0.14290765	-0.1780862	-0.08903388	-0.19676417	0.12473275
0.08271348	0.16119085	0.022285566	0.18550421	-0.17936626	0.20732144	0.18147321	-0.015114569	-0.20295854	-0.1778598	0.13197127	0.24667427	-0.14951362	-0.17730296	-0.11510163	0.21082626
-0.1777529	-0.10361569	-0.09388896	-0.1251306	0.12762065	-0.08028812	-0.017480005	0.18808737	0.05223217	0.13295434	-0.06447884	-0.046427168	0.07290231	0.011298943	0.11795656	-0.015284055
-0.039878614	0.18757717	0.039924163	0.17537987	-0.13952214	0.21385424	0.23830986	-0.17548247	-0.17653233	-0.19970441	0.1242789	0.22716814	0.078503504	-0.19318333	0.061411615	0.23852585
-0.19304444	0.08959319	0.03167977	0.22675143	-0.19239953	0.13169093	0.18789276	0.08410003	-0.1907307	-0.09961891	0.09955899	0.19180897	-0.009626067	-0.27551842	-0.038085517	0.16652606
0.098149545	0.10015728	0.06860352	-0.07110964	0.029564263	-0.040586423	0.032471947	0.1747717	0.03554054	0.094319396	-0.023045888	-0.08589176	-0.090892345	0.051635448	-0.129391	-0.015231754
-0.052756652	0.011593598	0.059994202	0.11282669	-0.13149768	-0.013618606	0.06821927	0.033422403	-0.111271136	-0.05208642	-0.0152161075	0.10789288	-0.070910215	-0.07283376	0.09561731	0.14549065
0.04891569	-0.0694622	-0.022428114	0.039235972	-0.060088966	-0.014590702	0.08908294	0.08763234	0.029895902	0.051649276	0.07508009	0.08473501	-0.017585335	0.0606291	0.046683453	-0.011685326
-0.10507292	0.054129995	0.14864354	0.085744366	-0.025147997	-0.03530634	0.054812532	0.11921788	-0.042984	-0.051642697	-0.05149802	0.03351409	0.031567294	-0.113401264	0.12172174	0.102060154
-0.14768355	-0.102918506	-0.16168997	0.026195237	-0.008589755	-0.085186034	-0.018273074	0.081814885	-0.027546603	0.07834753	0.06423181	0.04009636	0.113766186	0.03568316	0.16766423	-0.023776412
0.035715465	-0.021324176	-0.10232431	-0.10835579	0.075355224	-0.10509366	-0.05228815	0.104335435	0.07532676	0.058446847	-0.04835158	-0.14068918	-2.7525195e-05	0.12247959	-0.032763146	-0.12423972
-0.031846147	-0.07362678	0.011225367	0.076479904	-0.05775835	0.034240495	0.011432858	-0.07472218	-0.043491334	-0.09203005	-0.15197152	-0.032237332	0.015358221	-0.016475802	0.078993805	0.09139717
0.0016521931	0.0055377353	0.082431234	0.17216048	-0.15903409	0.10755736	0.14974903	-0.04598225	-0.12298456	-0.07897732	-0.02608257	0.09109164	-0.16368867	-0.116159864	0.046822086	0.099034205
-0.08767049	-0.10170541	-0.078695156	-0.16239788	-0.03075966	-0.019646948	-0.043643687	0.0075133415	0.11233037	0.091682866	0.09043898	-0.12431534	0.155169	0.11761644	0.07117462	-0.08061794
0.009657629	0.017292455	0.17973319	-0.06743341	0.13869068	-0.09186189	-0.10746832	0.04441969	0.1298496	0.062066738	-0.1271041	-0.10545105	-0.10613683	0.13597217	0.00097031327	-0.11820759
0.11096098	-0.014168985	-0.038362455	-0.16953243	0.15801992	-0.18512088	-0.14860752	-0.15969087	0.20511933	0.24686249	0.046070773	-0.22418974	0.19633795	0.19260468	-0.1814999	-0.08683142
-0.14434244	-0.16802405	0.19828813	-0.070280075	0.14640172	-0.14790371	-0.12637113	0.050909128	0.14953789	0.09792386	-0.18930787	-0.103898086	-0.0516128	-0.011647247	0.10832008	-0.17027149
0.085840866	-0.08182698	-0.041500244	0.04456634	-0.0077270414	0.051078085	-0.0049766893	-0.066093706	0.0025129307	-0.051866706	-0.10595009	0.0811263	-0.038848903	-0.051321156	-0.1672281	-0.087233715
0.07802879	-0.015233841	-0.057076924	-0.002379164	-0.092103384	0.040390488	0.0008880385	0.024210881	-0.0941564	-0.048357822	0.07878272	0.06620668	-0.122186035	0.03821962	0.03596132	0.028409861
0.1308122	0.09048306	-0.033136908	-0.04675954	0.061492305	-0.035952494	0.046093073	-0.123392284	0.054778013	0.034418482	0.0006348903	-0.07928892	-0.022253465	0.13625532	-0.02948886	-0.0016152612
0.07393015	-0.080379575	-0.04227513	-0.14500567	0.034594048	-0.08129548	-0.018336074	-0.16932078	0.16668242	0.13518311	0.045543768	-0.22845241	0.14731687	0.18122333	0.08129937	-0.13260323
0.16781543	0.21706878	0.024907047	0.14679424	-0.15507448	0.23144151	0.21070743	-0.11118662	-0.20732287	-0.20182166	0.1900825	0.22833572	-0.111328386	-0.23707722	-0.21103247	0.16839391
0.10874876	-0.084905036	-0.05199743	0.102465406	-0.14378683	0.0988072	0.09402802	0.004221366	-0.098187685	-0.01195953	-0.012693953	0.060569495	-0.058355063	-0.08589336	0.11592587	-0.027825208
-0.007334291	0.050291415	-0.12837677	0.031490915	-0.07236819	0.08157216	0.08741819	-0.14121409	-0.050218113	-0.09001187	0.047148556	-0.002280464	0.11204448	0.034634624	-0.08209886	0.0999299
0.011158592	0.07665955	0.12562919	0.04342014	-0.0778342	0.11351179	0.13363215	0.1030332	-0.0680901	-0.0108800065	0.091993056	0.078248926	-0.14056341	-0.108311705	0.12672587	0.03416075
0.14764935	0.059347615	-0.10915058	0.096674755	-0.063408695	0.024475973	0.062676005	-0.017626796	-0.022164429	-0.09977546	0.07998428	0.018877972	-0.04032494	-0.019548561	-0.009627806	0.016432157
0.06851682	0.13910954	-0.110730626	0.08987897	-0.14015134	0.21374455	0.16068795	-0.12017043	-0.06971579	-0.15768093	0.12604043	0.094979614	-0.12297052	-0.06407343	-0.17938422	0.18037263
-0.16241679	-0.22146249	0.10623691	-0.07699388	0.08046349	-0.13985384	-0.17709216	0.17760096	0.13100772	0.1122957	-0.06902096	-0.0426838	0.018596038	0.011360621	0.16860622	-0.026004737
0.06765707	-0.13729967	0.03721242	-0.098899655	0.14428145	-0.14772914	-0.10756488	0.03343128	0.085194714	0.18974082	-0.051817026	-0.13236256	0.100583844	0.17096643	0.14084934	-0.11824891
-0.023954142	-0.01436589	0.0011337524	-0.013176114	-0.10753921	-0.00046355336	0.05617384	0.15508603	-0.016498948	-0.026003748	0.07803946	-0.014743972	-0.05369947	-0.01778285	0.13279265	0.008918177
-0.16102597	0.015993385	-0.11314615	0.11765156	0.0044472986	0.017592134	-0.022107143	0.08332967	-0.118598424	-0.05890501	0.033514317	0.17360474	0.08005472	-0.02475315	-0.05724108	0.1799956
0.10963347	-0.18123871	0.06452874	-0.19109473	0.20500858	-0.12566653	-0.11222368	-0.008166272	0.10772757	0.09993176	-0.053424306	-0.16093825	-0.015308559	0.15850534	-0.0152438115	-0.18717137
-0.01040236	0.10123708	0.031563018	0.043759372	0.00327513	-0.16552834	-0.050243307	-0.062189087	0.09381778	-0.019658627	-0.05167242	-0.05385197	0.06709201	-0.03984137	0.012018619	0.039742853
0.05348136	-0.07723393	0.08555851	-0.08900301	0.051005103	0.008957818	-0.08049417	-0.041627824	-0.00074870634	0.05487316	0.01557143	-0.025258347	-0.09661283	-0.055050194	-0.0095971925	-0.08194176
0.008272091	-0.027402733	-0.053669352	-0.008239304	-0.034904968	0.046158955	0.08255687	-0.12955543	0.04691118	-0.09936595	0.02598102	0.0052133314	0.17792524	-0.0023535073	0.030404752	0.0006728715
-0.09835318	0.1355568	-0.08686006	0.23929779	-0.19358478	0.09600641	0.1213578	-0.094364375	-0.20713103	-0.24529304	0.16264816	0.22094977	0.115947515	-0.22790964	0.17236257	0.14798658
-0.046990316	-0.23221546	-0.07290721	-0.2528804	0.21506506	-0.20099288	-0.18597162	0.10045495	0.15858583	0.16644207	-0.14986381	-0.18325223	0.1221411	0.19416492	0.20037115	-0.18916792
0.07598961	0.16386135	-0.06159472	0.16839886	-0.16346802	0.06827021	0.056177136	-0.009132816	-0.13880713	-0.035682864	0.15374085	0.19576174	-0.107130975	-0.07039458	-0.075822875	0.19237666
-0.15589303	-0.09100453	-0.022333521	-0.16569442	0.23316461	-0.20564865	-0.19137807	0.15745	0.18715677	0.24736166	-0.12834533	-0.24216801	0.061831553	0.2417139	0.052226275	-0.165969
0.025748435	-0.043525986	0.106801115	-0.18369572	0.18742916	-0.19147938	-0.2028089	-0.039935414	0.22619866	0.25776577	-0.03792368	-0.24716513	0.018687576	0.20993504	-0.114362836	-0.22151525
0.14592125	-0.028442709	-0.009080742	-0.14445546	0.14338459	-0.12977852	-0.10646216	0.021450173	0.11556209	0.15796082	-0.055401556	-0.19848605	-0.04915608	0.23943935	-0.03129993	-0.13827498
-0.020894697	0.07084792	-0.04843741	0.060773414	-0.12160895	0.064477436	0.03730338	-0.09225692	-0.09091999	-0.083752654	-0.016402112	0.046334367	-0.16454938	-0.13741572	-0.19362307	0.07912964
-0.06906112	-0.017369416	0.03864681	-0.053230807	0.122114114	-0.07978087	-0.059608188	0.05715393	0.08933631	0.08889482	-0.07625942	-0.034955118	0.12012193	0.06332289	0.022136029	-0.021760626
-0.13619973	-0.02850577	0.18401143	0.14111024	-0.122203074	0.054732077	0.045049768	-0.05080378	-0.057583675	-0.063526	-0.17849906	0.10197352	-0.084196486	-0.1173285	0.060884967	0.19280472
-0.0071556037	0.050549112	0.07466392	0.11327526	-0.08449181	-0.04828921	0.0793821	0.043506265	0.021239072	-0.049546927	0.018413719	0.17166863	0.08938361	-0.053127907	0.0707047	0.037618004
0.102212116	-0.007738624	0.06752631	-0.096853144	0.0975231	-0.057511207	-0.044199057	-0.024997717	0.086556464	0.029098673	-0.025382899	-0.13227306	-0.016138416	0.09207588	0.02988816	-0.04006835
0.026149942	0.123641685	0.11943669	0.2043102	-0.21751112	0.1581502	0.23389843	-0.03294723	-0.15586378	-0.18057163	0.1355957	0.17785564	-0.019857906	-0.23628771	-0.009106506	0.20989057
-0.0023267525	0.1086627	0.02195422	0.16814679	-0.11920481	0.070729256	-0.031425837	-0.13005956	-0.09314174	-0.17739405	0.058813393	0.0655871	-0.06905393	-0.1251427	-0.036719088	0.10730097
-0.116142966	0.051300876	0.11522672	0.03544259	0.054161705	-0.056543462	-0.019458834	-0.016314628	0.021492744	0.03127622	-0.12930748	0.06037055	-0.052803166	-0.054139994	-0.1746773	0.0078595085
0.1393393	0.14251111	0.06336502	-0.053065598	0.012629696	0.012173576	-0.0120819975	-0.041039135	0.005269266	-0.036400706	0.118587	-0.107340164	-0.062736645	-0.07323924	-0.08860212	-0.044462703
0.066195026	0.08101767	-0.1437542	0.019454595	-0.11149293	0.06498204	0.030312704	-0.06980576	-0.051858604	-0.008873359	0.16400254	0.058849175	0.05778461	-0.12734273	-0.060839795	-0.00728552
0.0044251676	0.069192715	-0.02262568	0.19952811	-0.16254123	0.22217669	0.16415648	-0.19342108	-0.15577023	-0.20984493	0.073532514	0.1213815	-0.012735608	-0.17318262	-0.03384391	0.18206821
0.047047388	0.07371117	-0.085476846	-0.060947247	0.17374878	-0.10077366	-0.03920445	0.051294688	0.118518054	0.023696633	-0.021468535	-0.07648216	0.11531936	0.07286429	-0.108641975	-0.08338675
0.03556047	-0.0101968	0.017211467	0.1494478	-0.13616249	0.06843097	0.09041128	-0.06125135	-0.132688	-0.09897503	-0.0020501507	0.075676955	-0.038920667	-0.062733136	-0.029261768	0.09149348
0.020863999	0.040882133	-0.07634863	0.1920754	-0.16972375	0.21946652	0.16698211	-0.14508907	-0.14307432	-0.16129713	0.13388595	0.17643356	-0.06430043	-0.113499716	-0.19161911	0.17244755
0.13040744	0.0814303	-0.07899199	0.114541374	-0.15664992	0.19278687	0.13974932	-0.103421435	-0.07182371	-0.13417564	0.14506023	0.090259574	-0.010174159	-0.07555363	-0.009465107	0.08117219
-0.06726804	-0.07147324	-0.03681133	0.12146443	-0.1483069	0.09538162	0.0705296	0.024096884	-0.1082696	-0.10025418	0.04285627	0.14080392	-0.0928728	-0.0857269	0.028078007	0.16282977
0.093662925	0.04933465	0.041734517	-0.040031448	0.07200867	-0.0952602	-0.11775501	-0.041687325	0.095572904	-0.009300318	0.01971768	-0.012218073	-0.08673477	0.019955909	-0.093834594	-0.054158162
-0.14484462	-0.023435729	0.033763196	-0.085773945	0.15535526	-0.05805738	-0.068992324	-0.004923514	0.12805256	0.07302728	-0.10985763	-0.10437004	0.044600505	0.13470463	0.12528956	-0.0003407163
0.13381305	-0.07005182	-0.09180105	-0.05655853	0.041319642	0.010961995	0.04014459	-0.0009670347	0.09863787	0.08987353	0.004529183	-0.035296768	-0.014983426	0.09849923	0.07126579	-0.081046455
-0.103482164	-0.10209586	0.034202553	-0.14633082	0.022518842	-0.057134695	-0.18390338	0.10531945	-0.01412163	0.037552387	0.12807962	-0.12021923	-0.01915272	-0.028254077	0.039828837	-0.09079138
0.11387334	-0.04644844	-0.120228454	-0.18886171	0.10766638	-0.07109455	-0.18220808	0.0070487466	0.1375436	0.073373094	-0.032282434	-0.22514111	0.042575505	0.17267974	0.08788711	-0.17428371
0.13279894	-0.011402133	0.098545775	-0.13019976	0.095482826	-0.13798417	-0.09582075	0.06719556	0.23494355	0.15507993	-0.09260274	-0.1347855	-0.07594743	0.16965458	-0.07775098	-0.14246328
0.05315644	-0.084372476	-0.012846941	-0.13415152	0.17322353	-0.008164124	-0.10072364	0.056939572	0.13527094	0.15691178	0.007645421	-0.15567642	0.048607025	0.16598041	-0.04772009	-0.18753603
-0.1119431	0.18288578	-0.12528719	0.021243313	0.038678307	-0.022827247	-0.03275186	-0.06570659	0.0067974986	0.030654203	0.08666873	0.0310178	0.10477236	0.021522887	-0.020288773	0.048957486
0.07134068	0.06114065	0.046543453	-0.046319477	0.05292434	-0.023706246	0.0035856776	-0.13180216	-0.032868635	0.04833759	0.015569816	-0.1207979	0.07391962	0.07736187	-0.073329695	-0.1393658
0.060734417	0.056907818	0.13226265	0.016282115	0.14212026	-0.05410269	-0.057099316	-0.043935806	-0.008762492	-0.013136662	0.005079614	-0.01976129	-0.03578569	-0.004777555	-0.13819124	-0.041973855
-0.058939416	-0.07983428	0.133502	-0.018891806	-0.061141808	0.035053626	0.015224907	0.027916573	0.05431208	-0.055664923	-0.064055614	0.009349095	-0.086572394	-0.12794144	-0.012213423	0.01114745
-0.078662105	-0.15320572	-0.15803397	-0.03413765	0.053312708	-0.03691311	-0.08403788	-0.09267934	0.07572422	0.09060815	-0.042259187	-0.09873293	0.12463286	0.11620996	0.08338193	-0.10458673
-0.064553075	-0.0068046376	-0.01842206	-0.11663632	0.09489014	-0.03690818	-0.07489638	-0.112189	0.047868505	0.055313606	-0.06915483	-0.1255163	0.099247105	0.19187221	0.048837762	-0.06256126
0.0055012447	-0.106591344	0.099925265	-0.10571373	0.17630966	-0.16798285	-0.16732107	0.025950475	0.109095976	0.15904303	-0.1150276	-0.1454534	0.08011591	0.05690593	0.13220583	-0.16102087
0.119863905	0.10716669	0.021311505	0.1016074	-0.13464062	0.1558882	0.12639257	-0.0009006926	-0.051973067	-0.12309101	0.015858449	0.023485439	-0.03434029	-0.07291058	0.041845173	0.09869987
-0.017874576	0.040651757	0.004442174	-0.07487593	0.08881775	-0.08609237	0.044486377	0.0843136	0.10746271	0.024429891	0.040255576	-0.05390525	0.08632631	0.045625463	0.086755425	-0.04737078
0.08353238	0.023652693	-0.051333055	-0.11685539	0.12714654	-0.069647156	-0.07082857	0.014177834	0.13743196	0.086995415	-0.026007518	-0.1239266	0.04872097	0.10358523	-0.11532402	-0.16424325
-0.09531727	0.17948546	0.030839374	0.029052893	-0.06798453	0.038783297	0.08486148	0.18196902	-0.020722521	0.05666628	0.105118915	0.007258899	0.049887326	-0.08815953	0.080576375	0.14670347
-0.094005115	-0.11353517	0.023463491	-0.03280883	0.03993663	0.02636758	-0.07928749	-0.06882266	0.061490815	0.025961187	0.0030228558	-0.0970021	0.04263202	-0.015285115	0.105553895	0.0067802677
-0.16465218	-0.10590051	-0.019682936	0.022714833	0.063154705	-0.069241986	-0.022817688	0.18292013	0.05456087	0.082360946	-0.11363281	-0.017692579	-0.02400216	0.017437598	0.07526523	-0.050890014
-0.1018294	-0.088619955	-0.0065080207	0.008347202	0.05428337	-0.09596593	-0.053185664	0.13642152	-0.045563873	-0.0021805202	-0.07937394	0.037345715	0.0038377848	0.1292447	0.073919	-0.040035065
0.11067281	0.09952106	-0.025481714	-0.0020515213	-0.011122316	0.12163026	0.043782286	-0.10436963	-0.06129769	-0.10697867	0.07340092	0.011167359	-0.10694142	-0.024019873	-0.04882962	0.06546991
0.1824092	0.039639637	0.08352846	0.08466835	-0.051719733	0.17399448	0.06865317	-0.13163552	-0.100084394	-0.14025337	0.046851676	0.053541426	-0.1819075	-0.014678305	-0.076209284	0.084944025
-0.14662649	-0.12507482	-0.06343396	-0.009629315	-0.013121729	-0.1257599	-0.06755028	0.039314248	0.0024324073	0.105054624	-0.053243916	-0.06686362	0.17001078	-0.020573758	0.21712166	-0.019318053
0.06179249	0.055941455	-0.028873855	0.025818158	-0.0025019608	0.06659036	-0.021793222	0.0061606443	-0.09639947	-0.024665965	-0.01563912	0.007059587	-0.08983795	-0.025949953	-0.038813543	0.011657068
-0.051886693	-0.13401389	0.104760416	-0.13625596	0.10272967	-0.085007906	-0.1150784	0.05002209	0.04884141	0.04556154	-0.15969793	-0.068909705	-0.05846039	0.071124025	0.098669834	-0.12483005
-0.13813218	-0.06942552	0.13391231	-0.12608385	0.1704679	-0.17701004	-0.10203894	-0.0046069645	0.19656506	0.17358255	-0.09311296	-0.14894907	0.16486357	0.18261355	0.20630454	-0.14304735
-0.10764866	0.06896946	0.06545052	0.027502146	0.02206748	0.03591039	0.0276063	0.11265323	-0.00854411	0.023568392	-0.0122350035	0.119780414	0.0293171	0.0047591073	0.076561645	0.14947104
-0.06816967	-0.00492136	-0.054748278	0.090235785	-0.10296423	0.053700566	0.09727417	0.11241551	-0.06385632	0.019090109	-0.030690894	0.07521337	-0.12362736	-0.052485596	-0.014869829	0.0047352053
0.05021786	0.018150745	0.0537608	-0.15188816	0.15356587	-0.14380409	-0.2142992	0.13811845	0.13252911	0.17446487	-0.11647657	-0.14189987	0.053202905	0.1304643	-0.15876473	-0.18860231
0.067677945	0.009113066	-0.06381935	-0.16029982	0.11608542	-0.07280591	-0.08645756	-0.07626478	0.111667536	0.062828854	0.004433641	-0.08998014	0.014979272	0.1849601	0.053426735	-0.0851359
-0.15257685	-0.04947921	0.15482749	-0.035086825	0.09766852	-0.08135159	-0.15794857	0.0033996315	0.07250752	0.060528398	-0.20665096	-0.0862553	0.08289557	0.005552529	-0.05282614	-0.07607984
-0.12420917	-0.026195556	-0.00044545328	0.010872452	0.026324555	-0.14472501	-0.11138192	0.061142866	0.039264128	-0.013880869	-0.10113269	-0.030476488	0.033826668	0.008590755	-0.011209778	-0.014803208
-0.11777106	-0.15779309	-0.1619523	0.17191255	-0.14999862	0.09495475	0.08619368	0.0016620853	-0.00918903	0.11379873	-0.102034755	0.055592794	-0.17355834	0.05844869	0.08319647	-0.00515412
0.045236874	0.10928855	-0.083575584	0.04004825	-0.03682295	0.048179492	-0.10087658	-0.096264355	-0.0029108373	-0.033194415	0.009691043	-0.05324239	-0.02205967	-0.076099716	-0.14882521	-0.078040846
0.07128252	0.043479316	0.1866652	0.045571066	0.012351531	0.10373234	0.09231511	-0.12455362	-0.13454568	-0.0702363	0.05908119	-0.004636985	-0.0893714	-0.10010503	-0.12175699	0.0011392225
-0.09908472	0.021062776	0.065973364	0.07577497	-0.04098356	-0.044561733	-0.08954601	-0.0025965236	0.006370031	-0.012092431	-0.06620053	-0.007053371	0.012933573	-0.009906225	-0.021843841	-0.024941478
-0.015433373	-0.008575976	0.09737301	-0.03828873	0.15067346	-0.11321675	-0.04621327	-0.018088235	0.1198298	0.07757935	-0.026101671	-0.06388914	0.1614208	0.05648109	0.011333555	-0.08423054
0.052675113	0.102799684	-0.045950655	-0.044143055	0.094727285	-0.08827432	-0.015737435	-0.0029576388	0.12650536	0.1589704	-0.025784498	-0.12286115	0.10263189	0.1198684	-0.099640116	-0.04814353
-0.18607451	0.10041996	-0.0082971845	0.080118425	0.021964403	0.029464811	0.0687068	-0.0027799224	0.02451942	-0.050564036	0.06116586	0.052414257	0.055169385	0.0053769597	-0.06927758	0.16661055
-0.1327981	0.09410352	-0.092296526	-0.02786135	0.047187597	-0.06240009	-0.024808796	-0.07827658	0.021114947	-0.024497539	0.081646666	0.0065610562	0.124328144	-0.06611827	0.07505598	-0.0387929
-0.10386199	-0.12353879	0.09652603	-0.05871911	0.1200143	-0.19558805	-0.20047437	0.19346942	0.15034299	0.118969895	-0.18284903	-0.09314299	0.10581126	0.047732223	0.0673566	-0.14813152
-0.04156173	-0.010530883	-0.0402832	0.061874624	0.018010907	-0.0032411267	-0.018332543	-0.008215167	-0.028106531	-0.0014442657	-0.06730774	0.01937586	-0.08762831	-0.05932645	0.037969835	0.00072808744
-0.042486224	-0.021880778	-0.039065324	-0.07745663	0.04543009	-0.12884969	-0.057312675	7.836975e-05	0.056915488	0.059684716	-0.050123613	-0.062940724	0.043097176	0.04594867	-0.06706839	-0.13412403
0.019151071	0.02741174	0.13973013	-0.1518584	0.10183723	-0.121292636	-0.12393301	0.007825979	0.12928088	0.12947845	-0.060801063	-0.15733856	-0.06940556	0.0682403	0.034359172	-0.13031572
-0.073703505	-0.05356001	0.040485017	-0.14574938	0.13485007	-0.19507465	-0.11230935	0.07266834	0.10954904	0.14268757	-0.11651956	-0.12819076	0.053359278	0.09895626	0.07269516	-0.13480128
0.07854525	0.073885	-0.105945334	0.12200014	-0.10840693	0.1403435	0.017008856	-0.106747024	-0.16503721	-0.15403926	-0.012618879	0.12763056	-0.13855737	-0.17399073	-0.113402165	0.059598394
-0.018210817	0.035640452	-0.02096158	0.099357925	-0.16477655	0.09979816	0.100456335	-0.0018944372	-0.15609102	-0.15778065	0.041370787	0.14626347	-0.09613546	-0.13284518	-0.03246308	0.07263458
-0.119860575	-0.059246257	0.122813925	0.055870626	-0.08770018	-0.024207117	0.030457744	0.05703238	-0.081140846	0.03247354	-0.06224242	0.064971	0.044505797	-0.13312297	0.11869988	0.0734945
0.17668352	0.1307704	-0.10513779	0.031553783	-0.11832204	0.17393622	0.09995883	-0.18640193	-0.09297352	-0.0018477263	0.0385245	-0.0033708585	-0.05087008	0.013530962	-0.04964504	0.012083492
0.08312292	0.090971194	-0.14449978	0.10541419	-0.20522301	0.19028613	0.15569237	-0.037957553	-0.19452105	-0.10377767	0.16284107	0.1343995	-0.043527942	-0.14542529	-0.056355733	0.09839347
-0.109761864	0.062416717	0.07130582	0.087704964	-0.17905529	0.060334425	0.0032114505	-0.11185959	-0.21260391	-0.1388189	-0.0322726	0.08523767	-0.06960964	-0.14623688	-0.11752737	0.1714244
0.069878384	0.032755643	-0.08457415	0.028796665	-0.13772777	0.14707765	0.14885347	0.009577429	-0.13006184	-0.13130522	0.121399805	0.10614058	-0.009568069	-0.13509515	0.043033674	0.019282045
0.0036768387	0.06935444	0.0883363	-0.08633102	0.018760696	-0.15683283	0.05663254	0.11493697	0.11190796	0.08934791	0.053203672	-0.0312596	0.13961448	-0.008377389	0.099147014	-0.05221182
0.077646405	0.08072069	-0.05470915	-0.07654236	0.07616619	-0.13666348	-0.061385967	-0.11549647	0.13415655	-0.023572516	0.023949794	-0.10465923	0.104060404	0.06827633	-0.072058395	-0.10948489
-0.030209433	-0.11412302	-0.11765097	-0.032174204	0.10646376	-0.11326898	-0.10759999	0.06340861	0.03353342	0.064166136	-0.09000568	-0.058144554	0.13443781	0.07912105	0.11584441	-0.05759668
0.08124845	0.1258943	-0.033930175	-0.09048449	-0.015139077	-0.08534743	-0.0056531443	-0.03916124	0.009883141	0.006879717	0.12479557	-0.03687681	-0.04825451	-0.092829295	-0.12641785	-0.022178946
0.009621119	-0.053217173	-0.15838666	0.04191618	-0.12665468	0.046409685	0.044163678	0.015460342	-0.01864319	-0.06536659	0.054770082	0.07458928	0.07618129	-0.00067276566	0.0357046	0.040764794
0.1620739	-0.025591597	0.04785398	-0.11504669	0.08307548	-0.09172581	0.01704913	0.01885411	0.13893579	0.09026538	-0.12186812	-0.09939379	-0.11378865	0.14760116	-0.07885559	-0.07020664
0.032156747	0.055300023	0.05472467	-0.13649915	0.18704657	-0.11069063	-0.10572799	0.012320358	0.16020377	0.1862879	0.043493144	-0.19661486	0.16056602	0.11522109	-0.01803521	-0.1254525
-0.035697587	0.017301887	0.09732738	-0.03336581	-0.00528279	-0.017374834	-0.02983366	0.15972613	-0.008843498	-0.05243759	-0.04703151	0.044826716	-0.08598316	0.013359362	0.06387713	0.05771151
0.16010556	0.053331465	-0.10369533	0.08988948	-0.1630487	0.17622367	0.121157	-0.16611338	-0.1106344	-0.04950753	0.2084396	0.09604337	-0.05840703	-0.10586846	-0.12399026	0.10785462
-0.03633936	-0.01824691	0.0029801878	-0.054116793	0.07816447	-0.08256912	-0.038042735	0.023494968	0.08804163	0.06790241	-0.008643685	-0.0777006	-0.026177976	0.0041868896	-0.04569785	-0.052126795
-0.033845007	0.13768525	0.104784384	-0.012095254	0.032389827	0.019014604	-0.0038434642	0.16209355	-0.07380137	-0.01301318	0.09544854	0.061310746	-0.026484957	-0.14493826	-0.14047375	0.07750222
-0.08406606	0.07009371	0.048595835	0.034585875	-0.04054583	0.059257086	0.085057616	0.01836369	-0.087377876	-0.1612838	-0.018231614	0.05808643	0.031408004	-0.10173638	0.08790309	0.15191133
-0.19302644	0.046782505	-0.15565713	0.17882474	-0.1778592	0.14975978	0.13529527	-0.18090455	-0.1712332	-0.20391165	0.18310572	0.16142364	0.2010402	-0.13161361	0.12251548	0.20865744
0.0017446331	0.17704071	-0.19476035	0.120158516	-0.11860944	0.082526326	0.0466219	-0.08917464	-0.09127012	-0.09122913	0.09273066	0.12087881	0.038337223	-0.086690985	-0.16948779	0.21635246
-0.11253795	0.024091491	-0.06371145	0.125257	-0.07510336	0.03696135	0.025778681	0.07094251	-0.12710327	-0.13329737	-0.1105912	0.03204457	0.023585374	-0.1376629	-0.03951218	0.08406385
-0.037208833	-0.1345893	0.21240121	-0.05297793	0.036133546	-0.086015366	0.0019084198	0.043741923	-0.078711905	-0.081874	-0.064486586	-0.06782106	0.07682538	-0.013417892	0.22861314	0.03724766
0.07222607	0.18225513	-0.016880056	-0.019897187	0.013620069	-0.07995633	-0.10278962	-0.1465086	0.10334596	-0.01459078	0.08406065	-0.07623919	0.04284855	-0.03229386	-0.06610395	-0.082645416
0.011046463	-0.07986771	0.16662554	-0.11535284	0.12128931	-0.11535304	-0.08463643	0.09732933	0.094036065	0.11651895	-0.13178657	-0.12383814	0.05669559	0.113257885	0.045395095	-0.094005704
0.11346478	0.0654439	-0.0738424	-0.20980288	0.14875706	-0.12114725	-0.15743777	-0.06784579	0.16876529	0.15412258	-0.0061089043	-0.12800966	0.15281102	0.11089252	-0.01448222	-0.21524437
-0.13666523	-0.034514982	-0.10207685	0.10098931	-0.22396152	0.15314496	0.11076282	-0.08169626	-0.21154915	-0.19140601	0.009308129	0.1846496	-0.06961832	-0.16253433	-0.017482651	0.21533214
-0.054784667	-0.011924648	0.14000164	0.06457017	-0.120541506	-0.00035051763	0.1270058	0.059815295	-0.15418391	-0.19050173	-0.018983105	0.08228007	0.053279128	-0.082518935	0.137694	0.20414557
0.046913356	0.032031383	-0.015559097	-0.090008065	-0.042710032	-0.0055742734	0.06290195	-0.016067361	0.03327712	0.02355239	0.1371331	-0.07394447	0.08512248	0.011163596	-0.122846365	-0.03382734
0.14291139	0.1726619	-0.010717024	-0.022584328	-0.018951224	0.11350267	0.06901471	-0.08126161	-0.045127667	-0.07652128	0.18405148	0.0278578	-0.11044445	-0.07335739	-0.1658124	0.060908288
0.046160374	-0.0368434	0.017840946	-0.01407246	0.041462865	0.10204178	-0.012558831	0.039792717	-0.005480842	-0.023603147	0.07189622	0.043377638	-0.0022487706	0.0004028418	-0.023759285	-0.013073361
0.09089602	0.17539479	0.081443205	0.15728727	-0.17856401	0.11743127	0.14423119	-0.07762116	-0.14202593	-0.11857045	0.17755134	0.0778706	-0.053908836	-0.1372431	-0.03428364	0.15793437
-0.029645195	0.01604091	0.036604345	0.12653561	-0.10317247	0.12687983	0.20069514	-0.009769204	-0.13295637	-0.18033493	0.015073544	0.15488605	-0.07280968	-0.0821357	0.013054761	0.22144236
0.035862036	0.06524305	-0.0443851	0.023736862	0.038804762	0.02208823	0.0020424726	-0.10343855	-0.010597946	-0.004521312	0.052269932	0.01973999	0.07157452	-0.08218218	-0.07465762	0.038049586
0.083229214	0.08621328	0.13314167	-0.19649918	0.11119958	-0.16035268	-0.18192267	-0.023279266	0.100895956	0.18935585	-0.08903404	-0.19640766	0.019924436	0.18887897	0.13788323	-0.20306799
-0.046877265	0.055184837	0.039109744	0.09752178	-0.080058336	-0.010884115	0.0884131	0.07801711	-0.041174397	0.021715377	-0.019722622	0.010586583	-0.049573127	-0.028600972	0.10742186	0.038429413
-0.091922	-0.021952113	-0.083354026	-0.005285133	-0.0029940545	0.01123296	-0.08258746	0.23555125	0.009773556	0.028913416	-0.0925682	-0.011279889	-0.022344435	-0.06269816	-0.031713534	0.008470656
0.020110982	0.030697996	0.05557896	-0.051150598	-0.045126308	-0.08219484	-0.027282195	0.05548451	0.028706308	0.014047103	0.10049272	-0.022695638	0.057518397	0.04170408	0.08207226	-0.043233328
0.044195198	0.100809984	-0.120577514	0.15484993	-0.09480678	0.12700805	0.15064692	-0.23689671	-0.12703128	-0.16040689	0.17695501	0.1360835	-0.0336114	-0.0762566	-0.021852043	0.07212758
0.09745809	-0.018211626	-0.037251633	-0.114242	0.057933487	0.049370345	-0.006521262	-0.13206664	0.028947696	0.106713146	0.13495831	-0.10500392	0.09337503	0.11404751	0.0994376	-0.053481117
-0.12971583	-0.07430188	0.09294475	-0.14197114	0.08839986	-0.18095085	-0.19935207	-0.02424486	0.13401742	0.14016311	-0.14394572	-0.1744604	0.15521131	0.1311996	-0.014612429	-0.116316006
-0.038233776	0.038581155	-0.12400943	-0.11669506	0.15715124	-0.119249456	-0.091194764	0.023308871	0.14129755	0.16946392	0.0062161284	-0.15369229	0.06591232	0.122497745	-0.08180963	-0.157877
-0.058964808	-0.056010604	0.07075311	-0.01118813	0.077452116	0.013126504	-0.07887623	-0.029743832	0.020030182	-0.016514814	0.03341001	-0.004609272	0.05824173	-0.021729887	-0.06857082	-0.006176458
-0.13310637	-0.076939225	0.10415707	0.018193105	-0.055385347	-0.05414958	0.074729145	0.091957726	0.01815468	-0.0040461114	-0.07334537	-0.007619696	0.098030716	0.024498923	0.14086138	0.10033715
0.09034304	0.016220154	0.08861488	0.042871248	-0.0021549044	0.04737892	-0.05471595	-0.03557155	-0.057561945	-0.06045911	-0.030261727	0.08087582	-0.046028737	-0.06358195	0.013255769	0.068566024
0.0345711	-0.09526294	-0.019728204	-0.07943045	0.14565295	-0.14682361	-0.14394902	0.12112334	0.21148881	0.16234408	-0.0018566701	-0.11613905	0.1597738	0.04559426	-0.015055854	-0.12930147
